split_seed,feature,feature_error_auroc,clean_error_mean,fault_error_mean,fault_to_clean_error_ratio
20260400,speed_mps__mean,0.7526767529822519,1.9207735,3.9743543,2.0691426
20260400,battery_soc_pct__mean,0.6034186790805935,0.80702686,0.97055084,1.2026252
20260400,battery_voltage_v__mean,0.5220250218213559,1.1191999,1.7240337,1.5404162
20260400,motor_temp_c__mean,0.5550043642711667,1.0655638,0.91935956,0.86279166
20260400,wifi_rssi_dbm__mean,0.340485888856561,1.011734,0.47974783,0.47418377
20260400,gps_fix_quality__mean,0.3491707884783241,1.0369811,0.63404673,0.6114352
20260400,gps_hdop__mean,0.3619726505673552,1.1718489,0.59885895,0.5110377
20260400,motor_current_mean_a,0.7799825429153333,1.6060711,3.3139884,2.0634134
20260400,motor_side_imbalance_ratio,0.5508001163805645,21.40982,1.0810795,0.05049456
20260400,battery_voltage_soc_residual,0.6901803898748908,3.4531617,6.219519,1.8011086
20260400,imu_accel_norm_mps2,0.34470468431771895,24.763926,0.50341827,0.020328695
20260400,imu_gyro_norm_rps,0.4512510910677917,5.347595,0.8905242,0.16652797
20260400,speed_current_efficiency,0.7690209485016003,1.8920814,3.8055704,2.0113144
20260400,gps_wifi_consistency_score,0.33078265929589756,1.0156211,0.527033,0.5189268
20260400,battery_soc_interunit_z,0.4326883910386965,1.0309287,0.7797224,0.7563301
20260400,motor_current_interunit_z,0.6172097759674134,0.979326,1.1308849,1.1547583
20260400,wifi_rssi_interunit_z,0.34821064882164676,1.0145372,0.5972255,0.58866787
20260401,speed_mps__mean,0.527058992655323,1.4434826,0.94840056,0.6570225
20260401,battery_soc_pct__mean,0.6275516871847147,1.316799,1.901706,1.4441885
20260401,battery_voltage_v__mean,0.653558639797172,1.3236045,2.1819022,1.6484548
20260401,motor_temp_c__mean,0.1476907394338587,0.98410296,0.13535272,0.13753918
20260401,wifi_rssi_dbm__mean,0.49268146057136886,1.0177196,0.8609894,0.8459986
20260401,gps_fix_quality__mean,0.5484983925350897,0.98894787,1.038318,1.0499219
20260401,gps_hdop__mean,0.6153584777437988,1.0811123,1.1397339,1.0542234
20260401,motor_current_mean_a,0.26597663294911006,1.353272,0.58213514,0.43016863
20260401,motor_side_imbalance_ratio,0.3684753914111712,18.105593,0.91715896,0.050656114
20260401,battery_voltage_soc_residual,0.726038317781437,1.6878947,1.7768286,1.0526893
20260401,imu_accel_norm_mps2,0.2604485219164118,26.88887,0.46026537,0.01711732
20260401,imu_gyro_norm_rps,0.5508899866698032,5.8488584,1.170302,0.20009068
20260401,speed_current_efficiency,0.5143234271674638,1.4485501,1.1195551,0.7728798
20260401,gps_wifi_consistency_score,0.5000522752816331,1.005421,0.9421285,0.9370487
20260401,battery_soc_interunit_z,0.5816278522700541,1.0224946,1.232157,1.2050499
20260401,motor_current_interunit_z,0.20805562089965762,1.0104519,0.27224463,0.26942858
20260401,wifi_rssi_interunit_z,0.43749183198724484,1.0160745,0.78448945,0.77207863
20260402,speed_mps__mean,0.4939996065315758,1.5118332,0.42864183,0.28352454
20260402,battery_soc_pct__mean,0.6318447111285986,1.1635177,1.3701121,1.1775601
20260402,battery_voltage_v__mean,0.6134041576496819,1.1557028,1.2935048,1.1192366
20260402,motor_temp_c__mean,0.4034231752901829,1.4482613,0.9233392,0.6375502
20260402,wifi_rssi_dbm__mean,0.3331365991212539,1.0883682,0.7756864,0.71270585
20260402,gps_fix_quality__mean,0.3496885041642075,1.1136457,0.7168755,0.64371955
20260402,gps_hdop__mean,0.3300544297986754,1.2518125,0.6123406,0.48916322
20260402,motor_current_mean_a,0.3887861499114696,1.4784673,1.0625559,0.7186874
20260402,motor_side_imbalance_ratio,0.5844711128598596,20.927698,1.0762082,0.051425066
20260402,battery_voltage_soc_residual,0.7049249131090564,1.7920017,1.365783,0.76215494
20260402,imu_accel_norm_mps2,0.4606203685487573,16.250765,0.7577317,0.046627447
20260402,imu_gyro_norm_rps,0.6776444357007017,3.508117,1.3405708,0.38213402
20260402,speed_current_efficiency,0.42649354056003674,1.4459656,0.66158295,0.4575371
20260402,gps_wifi_consistency_score,0.3315758410387566,1.0412273,0.6220926,0.59746087
20260402,battery_soc_interunit_z,0.7243360220342316,1.0300689,1.7579305,1.7066145
20260402,motor_current_interunit_z,0.7172273591710931,1.0609959,1.6103687,1.5177897
20260402,wifi_rssi_interunit_z,0.3399042560167879,1.0205845,0.65607184,0.6428393
20260403,speed_mps__mean,0.7447240326705717,0.9077399,1.6923239,1.864327
20260403,battery_soc_pct__mean,0.4842669746720568,0.5747915,1.55365,2.7029803
20260403,battery_voltage_v__mean,0.6706707367378929,0.40867227,1.544802,3.7800508
20260403,motor_temp_c__mean,0.4865440145202541,1.1684089,0.8395556,0.7185461
20260403,wifi_rssi_dbm__mean,0.4102466793168881,0.98006004,1.0215104,1.0422937
20260403,gps_fix_quality__mean,0.28090091576602594,1.1099806,0.46625406,0.42005605
20260403,gps_hdop__mean,0.30226878970381976,1.1765711,0.5335205,0.4534537
20260403,motor_current_mean_a,0.624502928801254,1.0449574,1.2403612,1.1869969
20260403,motor_side_imbalance_ratio,0.3579407639633694,20.056486,0.8977233,0.04475975
20260403,battery_voltage_soc_residual,0.8242224238924182,1.0555416,2.0349298,1.9278536
20260403,imu_accel_norm_mps2,0.5720485108489399,27.486105,0.9752908,0.035483047
20260403,imu_gyro_norm_rps,0.5495256166982923,5.173274,1.0821012,0.20917144
20260403,speed_current_efficiency,0.5819899348238594,0.99591964,1.1649406,1.1697135
20260403,gps_wifi_consistency_score,0.40546159557792266,0.98057526,0.8553782,0.87232286
20260403,battery_soc_interunit_z,0.6518439072683773,0.9950986,1.4178723,1.4248561
20260403,motor_current_interunit_z,0.8576190083326458,0.9664225,2.4318256,2.5163174
20260403,wifi_rssi_interunit_z,0.40688062041085715,0.98979205,0.86556584,0.8744926
20260404,speed_mps__mean,0.45739771232910703,0.6557422,0.4050822,0.6177461
20260404,battery_soc_pct__mean,0.6721459940947324,1.1753452,1.5674212,1.3335837
20260404,battery_voltage_v__mean,0.6490459767262983,1.0769062,1.4170104,1.315816
20260404,motor_temp_c__mean,0.6777783291566385,0.9932607,1.3502285,1.3593899
20260404,wifi_rssi_dbm__mean,0.2929930774384041,1.0552992,0.5205355,0.49325874
20260404,gps_fix_quality__mean,0.43765972756370497,1.0670296,1.9430685,1.8210071
20260404,gps_hdop__mean,0.42805746470486067,1.1183016,2.6825209,2.3987453
20260404,motor_current_mean_a,0.5398233382130362,0.5506023,1.3730245,2.4936771
20260404,motor_side_imbalance_ratio,0.43716348658908766,11.524294,0.902229,0.07828931
20260404,battery_voltage_soc_residual,0.9664789221646031,0.2539766,1.1396968,4.4874086
20260404,imu_accel_norm_mps2,0.5762722377986751,17.316877,1.2536728,0.07239601
20260404,imu_gyro_norm_rps,0.6080068481254497,3.534839,1.2819436,0.3626597
20260404,speed_current_efficiency,0.30596977892464583,0.8808904,0.37262812,0.42301303
20260404,gps_wifi_consistency_score,0.3422822122422649,1.0716503,0.7201072,0.671961
20260404,battery_soc_interunit_z,0.48775525395131875,1.0178849,0.99101025,0.9735976
20260404,motor_current_interunit_z,0.7571892911197677,0.9767876,2.0057693,2.0534344
20260404,wifi_rssi_interunit_z,0.32317693471949976,1.0637807,0.5460053,0.5132687
20260405,speed_mps__mean,0.7532769205243073,1.3980811,2.8954775,2.071037
20260405,battery_soc_pct__mean,0.4834725218000479,0.96080554,0.68149567,0.70929617
20260405,battery_voltage_v__mean,0.3528934609073982,0.86274767,0.48874965,0.5665036
20260405,motor_temp_c__mean,0.463451505263352,1.1336908,1.0020181,0.8838548
20260405,wifi_rssi_dbm__mean,0.6178308721862729,0.9972381,1.2451243,1.2485728
20260405,gps_fix_quality__mean,0.43893221245137615,1.0026501,0.8032073,0.8010843
20260405,gps_hdop__mean,0.6402853824456611,1.0337025,1.1072028,1.0711039
20260405,motor_current_mean_a,0.7699795365300591,1.195456,2.177216,1.8212432
20260405,motor_side_imbalance_ratio,0.5340781298969453,13.6990595,1.2603263,0.09200093
20260405,battery_voltage_soc_residual,0.8147226370222885,1.1526215,1.8709071,1.6231756
20260405,imu_accel_norm_mps2,0.4641520564865512,16.034006,1.036604,0.06465035
20260405,imu_gyro_norm_rps,0.7104695536751285,4.0079784,1.4700316,0.36677632
20260405,speed_current_efficiency,0.6091200707925446,1.2030337,1.614669,1.3421644
20260405,gps_wifi_consistency_score,0.6842726250391755,1.029354,1.499887,1.4571148
20260405,battery_soc_interunit_z,0.6860240030971738,1.0053514,1.5147073,1.5066446
20260405,motor_current_interunit_z,0.4324982025330457,1.0516572,0.91925555,0.8741019
20260405,wifi_rssi_interunit_z,0.6612281769076194,0.98923373,1.3636453,1.3784865
20260406,speed_mps__mean,0.5770394507156988,0.8310667,0.49740946,0.59851927
20260406,battery_soc_pct__mean,0.6507622483416734,0.20729087,0.25649884,1.2373861
20260406,battery_voltage_v__mean,0.8571899608208231,0.19423936,0.5568156,2.8666468
20260406,motor_temp_c__mean,0.1900965902478762,1.1917046,0.06983059,0.05859723
20260406,wifi_rssi_dbm__mean,0.4319795182124986,1.0111037,0.8176976,0.8087178
20260406,gps_fix_quality__mean,0.5936227161643198,1.016166,1.2825934,1.2621889
20260406,gps_hdop__mean,0.3770510880949611,1.0775604,0.66292036,0.6152048
20260406,motor_current_mean_a,0.2537918460762637,0.8991705,0.07195447,0.08002316
20260406,motor_side_imbalance_ratio,0.35637534427246986,13.375899,0.8758606,0.0654805
20260406,battery_voltage_soc_residual,0.8063152178129485,0.8552617,1.0496933,1.2273359
20260406,imu_accel_norm_mps2,0.31269638077504947,13.522674,0.6294081,0.046544652
20260406,imu_gyro_norm_rps,0.5660421273129292,3.0962398,1.1745961,0.3793621
20260406,speed_current_efficiency,0.5899181504325226,0.9265451,0.9507873,1.026164
20260406,gps_wifi_consistency_score,0.4321152876372241,0.9979164,0.82523835,0.8269614
20260406,battery_soc_interunit_z,0.7916521199425889,1.0052303,1.7969372,1.7875876
20260406,motor_current_interunit_z,0.4572908181077622,0.98049295,0.65060353,0.6635474
20260406,wifi_rssi_interunit_z,0.43260017843981535,1.0448627,0.83067405,0.7950078
20260407,speed_mps__mean,0.565463337831759,1.1084,1.5084456,1.3609217
20260407,battery_soc_pct__mean,0.42751911830859196,1.4436125,1.1890043,0.8236312
20260407,battery_voltage_v__mean,0.6368645973909133,1.3255106,1.9135855,1.4436592
20260407,motor_temp_c__mean,0.4467948717948718,1.0781258,0.6990862,0.64842725
20260407,wifi_rssi_dbm__mean,0.620591542959964,1.0211592,1.3387475,1.3110076
20260407,gps_fix_quality__mean,0.6324224021592443,1.0612618,1.2791873,1.2053457
20260407,gps_hdop__mean,0.5003823661718398,1.2957801,1.0334464,0.7975477
20260407,motor_current_mean_a,0.43138776428250114,1.2257872,0.69455755,0.56662166
20260407,motor_side_imbalance_ratio,0.3974134053081421,15.013601,0.8676395,0.05779023
20260407,battery_voltage_soc_residual,0.8922064777327936,0.4672979,0.8620459,1.8447459
20260407,imu_accel_norm_mps2,0.4457714799820063,22.193256,0.95316017,0.04294819
20260407,imu_gyro_norm_rps,0.5424538911381017,4.0528436,1.1897036,0.29354787
20260407,speed_current_efficiency,0.5884278002699055,0.7470183,0.96643907,1.2937288
20260407,gps_wifi_consistency_score,0.6226945569050832,1.0231019,1.3247542,1.2948409
20260407,battery_soc_interunit_z,0.6299482681061629,1.0095135,1.323968,1.3114911
20260407,motor_current_interunit_z,0.3571637426900585,1.0240887,0.5409253,0.52820164
20260407,wifi_rssi_interunit_z,0.719961763382816,1.0107013,1.5408908,1.5245758
20260408,speed_mps__mean,0.3002080381101697,2.741744,1.1005507,0.40140533
20260408,battery_soc_pct__mean,0.5578888654385383,1.4099263,1.5783619,1.119464
20260408,battery_voltage_v__mean,0.4680555974311815,1.4152318,1.5354156,1.0849216
20260408,motor_temp_c__mean,0.6120541502095456,1.1204568,2.761728,2.4648232
20260408,wifi_rssi_dbm__mean,0.43002080381101704,1.022094,0.70932055,0.69398755
20260408,gps_fix_quality__mean,0.33362981276570086,1.1473095,0.6211366,0.54138535
20260408,gps_hdop__mean,0.31685108692374947,1.4306934,0.5720788,0.39986125
20260408,motor_current_mean_a,0.6377272590225225,2.7598555,3.1998258,1.1594179
20260408,motor_side_imbalance_ratio,0.4179606235113215,36.275234,1.0145407,0.02796786
20260408,battery_voltage_soc_residual,0.6120541502095457,5.151629,2.0969214,0.40704048
20260408,imu_accel_norm_mps2,0.4903669309856183,10.476012,0.80128103,0.07648722
20260408,imu_gyro_norm_rps,0.6952241686013205,2.8763561,1.8170277,0.63171166
20260408,speed_current_efficiency,0.3385292610124521,2.8591902,0.7003112,0.2449334
20260408,gps_wifi_consistency_score,0.4049808544637742,1.0555347,0.7005809,0.6637213
20260408,battery_soc_interunit_z,0.8077305755721048,1.0150049,2.0158358,1.9860356
20260408,motor_current_interunit_z,0.8747248771369132,0.91716,2.3786402,2.5934844
20260408,wifi_rssi_interunit_z,0.49341212651129135,1.043406,1.0464823,1.0029483
20260409,speed_mps__mean,0.5332995438418652,1.0231808,1.3113151,1.2816063
20260409,battery_soc_pct__mean,0.3131272174353776,0.67814064,0.19531316,0.28801274
20260409,battery_voltage_v__mean,0.762635580334516,0.575228,0.9163977,1.5931035
20260409,motor_temp_c__mean,0.48855549923973646,1.2036548,1.0439122,0.8672854
20260409,wifi_rssi_dbm__mean,0.48713634059807404,1.0165933,0.9838868,0.9678273
20260409,gps_fix_quality__mean,0.46653826659908765,1.0910683,0.91891724,0.8422179
20260409,gps_hdop__mean,0.4868727825646224,1.3601081,1.0515047,0.7731038
20260409,motor_current_mean_a,0.7591485048150026,1.1264155,2.771515,2.460473
20260409,motor_side_imbalance_ratio,0.5491332995438418,27.328379,1.046858,0.038306624
20260409,battery_voltage_soc_residual,0.7955803345159655,1.232236,1.3278039,1.0775564
20260409,imu_accel_norm_mps2,0.7244602128737962,9.320122,1.539456,0.16517553
20260409,imu_gyro_norm_rps,0.6305727318803852,2.4472232,1.3183981,0.5387323
20260409,speed_current_efficiency,0.3740091231626964,1.1869416,0.4675104,0.39387816
20260409,gps_wifi_consistency_score,0.45960466294982266,1.0429492,0.95843697,0.918968
20260409,battery_soc_interunit_z,0.6425544855549924,1.0023998,1.4990633,1.4954745
20260409,motor_current_interunit_z,0.7476735935124177,0.9696689,1.5271927,1.5749631
20260409,wifi_rssi_interunit_z,0.4492448048656868,1.0262427,0.8461773,0.8245391
