split_seed,method,scope,precision,recall,f1,auroc,n,positives
20260400,Isolation Forest,all_faults,0.217391304347826,0.3915662650602409,0.2795698924731182,0.8020596261500793,2400,166
20260400,Isolation Forest,motor_stall,0.0602409638554216,0.5172413793103449,0.1079136690647482,0.8899144876979593,2263,29
20260400,Isolation Forest,gradual_sensor_drift,0.040983606557377,0.2777777777777778,0.0714285714285714,0.7577215756490598,2270,36
20260400,Isolation Forest,accelerated_battery_degradation,0.025,0.1714285714285714,0.0436363636363636,0.7578462719017778,2269,35
20260400,Isolation Forest,gps_jitter_spoofing,0.048780487804878,0.3428571428571428,0.0854092526690391,0.7555697659547257,2269,35
20260400,Isolation Forest,intermittent_software_hang,0.0859375,0.7096774193548387,0.1533101045296167,0.8737690241718891,2265,31
20260400,One-Class SVM,all_faults,0.4005305039787798,0.9096385542168676,0.5561694290976059,0.963725987207559,2400,166
20260400,One-Class SVM,motor_stall,0.1137254901960784,1.0,0.204225352112676,0.997051832185966,2263,29
20260400,One-Class SVM,gradual_sensor_drift,0.1374045801526717,1.0,0.2416107382550335,0.9971028548691931,2270,36
20260400,One-Class SVM,accelerated_battery_degradation,0.0923694779116465,0.6571428571428571,0.1619718309859155,0.8913543931449035,2269,35
20260400,One-Class SVM,gps_jitter_spoofing,0.1240310077519379,0.9142857142857144,0.2184300341296928,0.9449673871339046,2269,35
20260400,One-Class SVM,intermittent_software_hang,0.1206225680933852,1.0,0.2152777777777778,0.9966788921939528,2265,31
20260400,LOF,all_faults,0.4520123839009288,0.8795180722891566,0.5971370143149284,0.9651362837203784,2400,166
20260400,LOF,motor_stall,0.1407766990291262,1.0,0.2468085106382978,0.997746426697126,2263,29
20260400,LOF,gradual_sensor_drift,0.1690140845070422,1.0,0.2891566265060241,0.9982094897045658,2270,36
20260400,LOF,accelerated_battery_degradation,0.0923076923076923,0.5142857142857142,0.1565217391304348,0.9010998848957666,2269,35
20260400,LOF,gps_jitter_spoofing,0.1531100478468899,0.9142857142857144,0.2622950819672131,0.9407596879396342,2269,35
20260400,LOF,intermittent_software_hang,0.1490384615384615,1.0,0.2594142259414226,0.9960435498310568,2265,31
20260400,LSTM Autoencoder,all_faults,0.3291139240506329,0.6666666666666666,0.4406779661016949,0.8676856493811688,2120,156
20260400,LSTM Autoencoder,motor_stall,0.1203319502074688,1.0,0.2148148148148148,0.9886227965447012,1993,29
20260400,LSTM Autoencoder,gradual_sensor_drift,0.1275720164609053,0.96875,0.2254545454545454,0.9845659368635438,1996,32
20260400,LSTM Autoencoder,accelerated_battery_degradation,0.0,0.0,0.0,0.615173116089613,1999,35
20260400,LSTM Autoencoder,gps_jitter_spoofing,0.0862068965517241,0.6896551724137931,0.1532567049808429,0.895164688531498,1993,29
20260400,LSTM Autoencoder,intermittent_software_hang,0.1016949152542373,0.7741935483870968,0.1797752808988764,0.893288877209119,1995,31
20260401,Isolation Forest,all_faults,0.456043956043956,0.4911242603550296,0.4729344729344729,0.8330252308116666,2400,169
20260401,Isolation Forest,motor_stall,0.175,0.7241379310344828,0.2818791946308724,0.9634151996166864,2260,29
20260401,Isolation Forest,gradual_sensor_drift,0.2204724409448819,0.8,0.345679012345679,0.9206377665364666,2266,35
20260401,Isolation Forest,accelerated_battery_degradation,0.0294117647058823,0.0769230769230769,0.0425531914893617,0.6119137100759692,2270,39
20260401,Isolation Forest,gps_jitter_spoofing,0.01,0.0357142857142857,0.015625,0.7443971313312416,2259,28
20260401,Isolation Forest,intermittent_software_hang,0.2325581395348837,0.7894736842105263,0.3592814371257485,0.9450565005072072,2269,38
20260401,One-Class SVM,all_faults,0.4822485207100592,0.9644970414201184,0.6429980276134122,0.978458461856731,2400,169
20260401,One-Class SVM,motor_stall,0.142156862745098,1.0,0.2489270386266094,0.9961204964528044,2260,29
20260401,One-Class SVM,gradual_sensor_drift,0.1626794258373205,0.9714285714285714,0.2786885245901639,0.9767304860088364,2266,35
20260401,One-Class SVM,accelerated_battery_degradation,0.1784037558685446,0.9743589743589745,0.3015873015873015,0.9836338769552576,2270,39
20260401,One-Class SVM,gps_jitter_spoofing,0.1206030150753768,0.8571428571428571,0.211453744493392,0.9310046743932894,2259,28
20260401,One-Class SVM,intermittent_software_hang,0.1784037558685446,1.0,0.3027888446215139,0.9962254358442048,2269,38
20260401,LOF,all_faults,0.5290322580645161,0.970414201183432,0.6847599164926931,0.9814448903163864,2400,169
20260401,LOF,motor_stall,0.1657142857142857,1.0,0.284313725490196,0.9964450764308568,2260,29
20260401,LOF,gradual_sensor_drift,0.1888888888888888,0.9714285714285714,0.3162790697674418,0.9810206825894858,2266,35
20260401,LOF,accelerated_battery_degradation,0.2065217391304347,0.9743589743589745,0.3408071748878923,0.9883230470411106,2270,39
20260401,LOF,gps_jitter_spoofing,0.1461988304093567,0.8928571428571429,0.2512562814070351,0.9371998463213166,2259,28
20260401,LOF,intermittent_software_hang,0.2065217391304347,1.0,0.3423423423423423,0.9959305480195332,2269,38
20260401,LSTM Autoencoder,all_faults,0.4521739130434782,0.6582278481012658,0.5360824742268041,0.8006361372404804,2120,158
20260401,LSTM Autoencoder,motor_stall,0.1818181818181818,0.9655172413793104,0.3060109289617486,0.9698934936201624,1991,29
20260401,LSTM Autoencoder,gradual_sensor_drift,0.1818181818181818,0.9655172413793104,0.3060109289617486,0.9590143766037472,1991,29
20260401,LSTM Autoencoder,accelerated_battery_degradation,0.015625,0.0512820512820512,0.0239520958083832,0.4222405185707938,2001,39
20260401,LSTM Autoencoder,gps_jitter_spoofing,0.1063829787234042,0.5357142857142857,0.1775147928994082,0.8409421872724625,1990,28
20260401,LSTM Autoencoder,intermittent_software_hang,0.197452229299363,0.9393939393939394,0.3263157894736842,0.925709696351898,1995,33
20260402,Isolation Forest,all_faults,0.2763819095477386,0.3160919540229885,0.2949061662198391,0.7597257076762607,2400,174
20260402,Isolation Forest,motor_stall,0.1578947368421052,0.7105263157894737,0.2583732057416268,0.9465999905423936,2264,38
20260402,Isolation Forest,gradual_sensor_drift,0.0709677419354838,0.3142857142857143,0.1157894736842105,0.8023616993967398,2261,35
20260402,Isolation Forest,accelerated_battery_degradation,0.0,0.0,0.0,0.6390904692791486,2265,39
20260402,Isolation Forest,gps_jitter_spoofing,0.0526315789473684,0.2666666666666666,0.0879120879120879,0.6283168613357293,2256,30
20260402,Isolation Forest,intermittent_software_hang,0.0588235294117647,0.28125,0.0972972972972973,0.7613993710691824,2258,32
20260402,One-Class SVM,all_faults,0.4381443298969072,0.9770114942528736,0.604982206405694,0.9833834205987751,2400,174
20260402,One-Class SVM,motor_stall,0.1484375,1.0,0.2585034013605442,0.9971508961081952,2264,38
20260402,One-Class SVM,gradual_sensor_drift,0.1349206349206349,0.9714285714285714,0.2369337979094076,0.9704530868951352,2261,35
20260402,One-Class SVM,accelerated_battery_degradation,0.1517509727626459,1.0,0.2635135135135135,0.988527196074366,2265,39
20260402,One-Class SVM,gps_jitter_spoofing,0.110204081632653,0.9,0.1963636363636363,0.9603474094040132,2256,30
20260402,One-Class SVM,intermittent_software_hang,0.128,1.0,0.226950354609929,0.9965043800539084,2258,32
20260402,LOF,all_faults,0.5074183976261127,0.9827586206896552,0.6692759295499021,0.9855005111999257,2400,174
20260402,LOF,motor_stall,0.1862745098039215,1.0,0.3140495867768595,0.9987468671679198,2264,38
20260402,LOF,gradual_sensor_drift,0.17,0.9714285714285714,0.2893617021276595,0.9740084713130536,2261,35
20260402,LOF,accelerated_battery_degradation,0.1902439024390244,1.0,0.319672131147541,0.9901168014375562,2265,39
20260402,LOF,gps_jitter_spoofing,0.1443298969072164,0.9333333333333332,0.25,0.9651841868823,2256,30
20260402,LOF,intermittent_software_hang,0.1616161616161616,1.0,0.2782608695652174,0.9957603324348608,2258,32
20260402,LSTM Autoencoder,all_faults,0.3705035971223021,0.6242424242424243,0.4650112866817156,0.7999038983182205,2120,165
20260402,LSTM Autoencoder,motor_stall,0.1745283018867924,0.9736842105263158,0.296,0.9896890564005922,1993,38
20260402,LSTM Autoencoder,gradual_sensor_drift,0.1586538461538461,0.9705882352941176,0.2727272727272727,0.9570482924627652,1989,34
20260402,LSTM Autoencoder,accelerated_battery_degradation,0.0,0.0,0.0,0.4242507705423307,1994,39
20260402,LSTM Autoencoder,gps_jitter_spoofing,0.0789473684210526,0.6818181818181818,0.1415094339622641,0.8744478028365497,1977,22
20260402,LSTM Autoencoder,intermittent_software_hang,0.0932642487046632,0.5625,0.16,0.8141464194373401,1987,32
20260403,Isolation Forest,all_faults,0.4112903225806452,0.2982456140350877,0.3457627118644067,0.8860580492655296,2400,171
20260403,Isolation Forest,motor_stall,0.1978021978021978,0.72,0.3103448275862069,0.9755406011664424,2254,25
20260403,Isolation Forest,gradual_sensor_drift,0.0,0.0,0.0,0.8434611933602513,2269,40
20260403,Isolation Forest,accelerated_battery_degradation,0.0266666666666666,0.064516129032258,0.0377358490566037,0.8354390078004023,2260,31
20260403,Isolation Forest,gps_jitter_spoofing,0.1204819277108433,0.25,0.1626016260162601,0.8615522655899507,2269,40
20260403,Isolation Forest,intermittent_software_hang,0.2234042553191489,0.6,0.3255813953488372,0.943664679869256,2264,35
20260403,One-Class SVM,all_faults,0.5574324324324325,0.9649122807017544,0.7066381156316917,0.9822383834567726,2400,171
20260403,One-Class SVM,motor_stall,0.1602564102564102,1.0,0.2762430939226519,0.996034096007178,2254,25
20260403,One-Class SVM,gradual_sensor_drift,0.2339181286549707,1.0,0.3791469194312796,0.9966969493046208,2269,40
20260403,One-Class SVM,accelerated_battery_degradation,0.191358024691358,1.0,0.3212435233160621,0.9890229959912588,2260,31
20260403,One-Class SVM,gps_jitter_spoofing,0.206060606060606,0.85,0.3317073170731707,0.9409937191565724,2269,40
20260403,One-Class SVM,intermittent_software_hang,0.2108433734939759,1.0,0.3482587064676617,0.9969877587643402,2264,35
20260403,LOF,all_faults,0.5901060070671378,0.9766081871345028,0.73568281938326,0.981800246091526,2400,171
20260403,LOF,motor_stall,0.1773049645390071,1.0,0.3012048192771084,0.9968236877523552,2254,25
20260403,LOF,gradual_sensor_drift,0.2564102564102564,1.0,0.4081632653061224,0.9979475100942126,2269,40
20260403,LOF,accelerated_battery_degradation,0.2108843537414966,1.0,0.348314606741573,0.990694510774396,2260,31
20260403,LOF,gps_jitter_spoofing,0.2368421052631578,0.9,0.375,0.936608344549125,2269,40
20260403,LOF,intermittent_software_hang,0.2317880794701986,1.0,0.3763440860215054,0.996385310517208,2264,35
20260403,LSTM Autoencoder,all_faults,0.4517374517374517,0.7090909090909091,0.5518867924528302,0.9091250096876696,2120,165
20260403,LSTM Autoencoder,motor_stall,0.144578313253012,0.96,0.2513089005235602,0.9646035805626598,1980,25
20260403,LSTM Autoencoder,gradual_sensor_drift,0.1977401129943503,0.9722222222222222,0.3286384976525822,0.984555271383916,1991,36
20260403,LSTM Autoencoder,accelerated_battery_degradation,0.0,0.0,0.0,0.7120699612243214,1986,31
20260403,LSTM Autoencoder,gps_jitter_spoofing,0.1547619047619047,0.65,0.25,0.9058823529411766,1995,40
20260403,LSTM Autoencoder,intermittent_software_hang,0.1839080459770115,0.9696969696969696,0.3091787439613526,0.973851042393242,1988,33
20260404,Isolation Forest,all_faults,0.5909090909090909,0.3312101910828025,0.4244897959183673,0.904563667290452,2400,157
20260404,Isolation Forest,motor_stall,0.4929577464788732,0.8974358974358975,0.6363636363636364,0.9919750334373608,2282,39
20260404,Isolation Forest,gradual_sensor_drift,0.027027027027027,0.0416666666666666,0.0327868852459016,0.9294285926586418,2267,24
20260404,Isolation Forest,accelerated_battery_degradation,0.0526315789473684,0.048780487804878,0.050632911392405,0.8875199808618683,2284,41
20260404,Isolation Forest,gps_jitter_spoofing,0.0526315789473684,0.064516129032258,0.0579710144927536,0.7897832683761667,2274,31
20260404,Isolation Forest,intermittent_software_hang,0.25,0.5454545454545454,0.3428571428571428,0.9159810318972156,2265,22
20260404,One-Class SVM,all_faults,0.5136054421768708,0.961783439490446,0.6696230598669624,0.9815917035589846,2400,157
20260404,One-Class SVM,motor_stall,0.2142857142857142,1.0,0.3529411764705882,0.997130674348686,2282,39
20260404,One-Class SVM,gradual_sensor_drift,0.1437125748502994,1.0,0.2513089005235602,0.9965076534403328,2267,24
20260404,One-Class SVM,accelerated_battery_degradation,0.2228260869565217,1.0,0.3644444444444444,0.985015712841034,2284,41
20260404,One-Class SVM,gps_jitter_spoofing,0.1488095238095238,0.8064516129032258,0.2512562814070351,0.9348942228869744,2274,31
20260404,One-Class SVM,intermittent_software_hang,0.1333333333333333,1.0,0.2352941176470588,0.997193288209784,2265,22
20260404,LOF,all_faults,0.5400696864111498,0.9872611464968152,0.6981981981981982,0.9916541483624922,2400,157
20260404,LOF,motor_stall,0.2280701754385964,1.0,0.3714285714285714,0.9982395372497914,2282,39
20260404,LOF,gradual_sensor_drift,0.1538461538461538,1.0,0.2666666666666666,0.9974178927032248,2267,24
20260404,LOF,accelerated_battery_degradation,0.2369942196531791,1.0,0.3831775700934579,0.9875602144340658,2284,41
20260404,LOF,gps_jitter_spoofing,0.1801242236024844,0.935483870967742,0.3020833333333333,0.980527231674169,2274,31
20260404,LOF,intermittent_software_hang,0.1428571428571428,1.0,0.25,0.9970007700725488,2265,22
20260404,LSTM Autoencoder,all_faults,0.5064935064935064,0.5064935064935064,0.5064935064935064,0.8809766022380467,2120,154
20260404,LSTM Autoencoder,motor_stall,0.3274336283185841,1.0,0.4933333333333333,0.9920678562591076,2003,37
20260404,LSTM Autoencoder,gradual_sensor_drift,0.2244897959183673,0.9166666666666666,0.360655737704918,0.9776619192946762,1990,24
20260404,LSTM Autoencoder,accelerated_battery_degradation,0.0,0.0,0.0,0.7193136987321043,2007,41
20260404,LSTM Autoencoder,gps_jitter_spoofing,0.05,0.1333333333333333,0.0727272727272727,0.8543913190912173,1996,30
20260404,LSTM Autoencoder,intermittent_software_hang,0.1648351648351648,0.6818181818181818,0.2654867256637168,0.9261999445112364,1988,22
20260405,Isolation Forest,all_faults,0.2894736842105263,0.3464566929133858,0.3154121863799283,0.8404896924180122,2400,127
20260405,Isolation Forest,motor_stall,0.1496062992125984,0.95,0.2585034013605442,0.9771667399912012,2293,20
20260405,Isolation Forest,gradual_sensor_drift,0.0526315789473684,0.24,0.0863309352517985,0.8651121865376155,2298,25
20260405,Isolation Forest,accelerated_battery_degradation,0.1,0.4444444444444444,0.1632653061224489,0.8860373792181975,2300,27
20260405,Isolation Forest,gps_jitter_spoofing,0.0,0.0,0.0,0.7345609955376784,2308,35
20260405,Isolation Forest,intermittent_software_hang,0.0608695652173913,0.35,0.1037037037037037,0.7969203695556534,2293,20
20260405,One-Class SVM,all_faults,0.3761467889908257,0.968503937007874,0.5418502202643172,0.981368062604141,2400,127
20260405,One-Class SVM,motor_stall,0.0892857142857142,1.0,0.1639344262295081,0.9966234051913768,2293,20
20260405,One-Class SVM,gradual_sensor_drift,0.1091703056768559,1.0,0.1968503937007874,0.9973603167619886,2298,25
20260405,One-Class SVM,accelerated_battery_degradation,0.1168831168831168,1.0,0.2093023255813953,0.9915025011813398,2300,27
20260405,One-Class SVM,gps_jitter_spoofing,0.1319148936170212,0.8857142857142857,0.2296296296296296,0.9447803406448368,2308,35
20260405,One-Class SVM,intermittent_software_hang,0.0892857142857142,1.0,0.1639344262295081,0.9964694236691598,2293,20
20260405,LOF,all_faults,0.4214046822742475,0.9921259842519684,0.5915492957746479,0.9918107464899488,2400,127
20260405,LOF,motor_stall,0.1036269430051813,1.0,0.1877934272300469,0.9974483062032556,2293,20
20260405,LOF,gradual_sensor_drift,0.1262626262626262,1.0,0.2242152466367713,0.9983809942806864,2298,25
20260405,LOF,accelerated_battery_degradation,0.135,1.0,0.237885462555066,0.992309071059621,2300,27
20260405,LOF,gps_jitter_spoofing,0.1642512077294686,0.9714285714285714,0.2809917355371901,0.9811953994092136,2308,35
20260405,LOF,intermittent_software_hang,0.1036269430051813,1.0,0.1877934272300469,0.9958644962604486,2293,20
20260405,LSTM Autoencoder,all_faults,0.4088050314465409,0.5855855855855856,0.4814814814814814,0.8561652742837412,2120,111
20260405,LSTM Autoencoder,motor_stall,0.0961538461538461,1.0,0.175438596491228,0.9920856147336984,2019,10
20260405,LSTM Autoencoder,gradual_sensor_drift,0.2100840336134453,1.0,0.3472222222222222,0.9905425584868092,2034,25
20260405,LSTM Autoencoder,accelerated_battery_degradation,0.0,0.0,0.0,0.6743542945633538,2036,27
20260405,LSTM Autoencoder,gps_jitter_spoofing,0.175438596491228,0.5714285714285714,0.2684563758389262,0.8512550664865249,2044,35
20260405,LSTM Autoencoder,intermittent_software_hang,0.0961538461538461,0.7142857142857143,0.1694915254237288,0.8820308611249378,2023,14
20260406,Isolation Forest,all_faults,0.4285714285714285,0.3065693430656934,0.3574468085106383,0.8367518086900988,2400,137
20260406,Isolation Forest,motor_stall,0.3253012048192771,0.7714285714285715,0.4576271186440678,0.982829366832902,2298,35
20260406,Isolation Forest,gradual_sensor_drift,0.0,0.0,0.0,0.8664857016602487,2284,21
20260406,Isolation Forest,accelerated_battery_degradation,0.0,0.0,0.0,0.7598150854889697,2289,26
20260406,Isolation Forest,gps_jitter_spoofing,0.0,0.0,0.0,0.6207754373905501,2290,27
20260406,Isolation Forest,intermittent_software_hang,0.2112676056338028,0.5357142857142857,0.303030303030303,0.911558613723881,2291,28
20260406,One-Class SVM,all_faults,0.5775862068965517,0.978102189781022,0.7262872628726287,0.9833548903174198,2400,137
20260406,One-Class SVM,motor_stall,0.2631578947368421,1.0,0.4166666666666667,0.9959409128211604,2298,35
20260406,One-Class SVM,gradual_sensor_drift,0.1764705882352941,1.0,0.3,0.9959177661342928,2284,21
20260406,One-Class SVM,accelerated_battery_degradation,0.2096774193548387,1.0,0.3466666666666667,0.9917145382235968,2289,26
20260406,One-Class SVM,gps_jitter_spoofing,0.2032520325203252,0.925925925925926,0.3333333333333333,0.9413266558648794,2290,27
20260406,One-Class SVM,intermittent_software_hang,0.216,0.9642857142857144,0.3529411764705882,0.990964901205732,2291,28
20260406,LOF,all_faults,0.5560165975103735,0.978102189781022,0.708994708994709,0.9872593385822708,2400,137
20260406,LOF,motor_stall,0.2464788732394366,1.0,0.3954802259887006,0.9981566820276496,2298,35
20260406,LOF,gradual_sensor_drift,0.1640625,1.0,0.2818791946308724,0.9967384213959556,2284,21
20260406,LOF,accelerated_battery_degradation,0.1954887218045112,1.0,0.3270440251572327,0.992334885618138,2289,26
20260406,LOF,gps_jitter_spoofing,0.1893939393939394,0.925925925925926,0.3144654088050314,0.9543542658876288,2290,27
20260406,LOF,intermittent_software_hang,0.2014925373134328,0.9642857142857144,0.3333333333333333,0.9935452307303833,2291,28
20260406,LSTM Autoencoder,all_faults,0.4111675126903553,0.5912408759124088,0.4850299401197604,0.8297278693714087,2120,137
20260406,LSTM Autoencoder,motor_stall,0.2266666666666666,0.9714285714285714,0.3675675675675676,0.9851883870038184,2018,35
20260406,LSTM Autoencoder,gradual_sensor_drift,0.1470588235294117,0.9523809523809524,0.2547770700636942,0.968301995533463,2004,21
20260406,LSTM Autoencoder,accelerated_battery_degradation,0.0,0.0,0.0,0.3889600062066022,2009,26
20260406,LSTM Autoencoder,gps_jitter_spoofing,0.064516129032258,0.2962962962962963,0.1059602649006622,0.8227526568424197,2010,27
20260406,LSTM Autoencoder,intermittent_software_hang,0.1407407407407407,0.6785714285714286,0.2331288343558282,0.9474821698724876,2011,28
20260407,Isolation Forest,all_faults,0.5125,0.4606741573033708,0.4852071005917159,0.8607919780742118,2400,178
20260407,Isolation Forest,motor_stall,0.25,0.8125,0.3823529411764705,0.9808871512151216,2254,32
20260407,Isolation Forest,gradual_sensor_drift,0.2777777777777778,0.75,0.4054054054054054,0.9493024302430244,2262,40
20260407,Isolation Forest,accelerated_battery_degradation,0.037037037037037,0.0666666666666666,0.0476190476190476,0.7614461446144616,2267,45
20260407,Isolation Forest,gps_jitter_spoofing,0.025,0.0666666666666666,0.0363636363636363,0.7163366336633663,2252,30
20260407,Isolation Forest,intermittent_software_hang,0.2121212121212121,0.6774193548387096,0.3230769230769231,0.906622920356552,2253,31
20260407,One-Class SVM,all_faults,0.4690026954177897,0.9775280898876404,0.6338797814207651,0.9853052721002438,2400,178
20260407,One-Class SVM,motor_stall,0.1397379912663755,1.0,0.2452107279693486,0.9972997299729972,2254,32
20260407,One-Class SVM,gradual_sensor_drift,0.1652542372881356,0.975,0.2826086956521739,0.9934518451845183,2262,40
20260407,One-Class SVM,accelerated_battery_degradation,0.1859504132231405,1.0,0.313588850174216,0.9836583658365836,2267,45
20260407,One-Class SVM,gps_jitter_spoofing,0.1205357142857142,0.9,0.2125984251968504,0.952925292529253,2252,30
20260407,One-Class SVM,intermittent_software_hang,0.1359649122807017,1.0,0.2393822393822393,0.9961383235097704,2253,31
20260407,LOF,all_faults,0.4223300970873786,0.9775280898876404,0.5898305084745763,0.9846782431052092,2400,178
20260407,LOF,motor_stall,0.1185185185185185,1.0,0.2119205298013245,0.99890301530153,2254,32
20260407,LOF,gradual_sensor_drift,0.1407942238267148,0.975,0.2460567823343848,0.989525202520252,2262,40
20260407,LOF,accelerated_battery_degradation,0.1590106007067137,1.0,0.274390243902439,0.988998899889989,2267,45
20260407,LOF,gps_jitter_spoofing,0.1018867924528302,0.9,0.1830508474576271,0.9457995799579958,2252,30
20260407,LOF,intermittent_software_hang,0.1152416356877323,1.0,0.2066666666666666,0.9950930576928662,2253,31
20260407,LSTM Autoencoder,all_faults,0.3502304147465437,0.5277777777777778,0.4210526315789473,0.8135648616734144,2120,144
20260407,LSTM Autoencoder,motor_stall,0.1607142857142857,1.0,0.2769230769230769,0.9910968660968662,2003,27
20260407,LSTM Autoencoder,gradual_sensor_drift,0.1607142857142857,1.0,0.2769230769230769,0.9925401109611636,2003,27
20260407,LSTM Autoencoder,accelerated_battery_degradation,0.0,0.0,0.0,0.5831758884390463,2021,45
20260407,LSTM Autoencoder,gps_jitter_spoofing,0.0844155844155844,0.6842105263157895,0.1502890173410404,0.8229544001704666,1995,19
20260407,LSTM Autoencoder,intermittent_software_hang,0.06,0.3461538461538461,0.1022727272727272,0.8352343506695734,2002,26
20260408,Isolation Forest,all_faults,0.2003891050583657,0.5919540229885057,0.2994186046511627,0.8196910080449442,2400,174
20260408,Isolation Forest,motor_stall,0.0947136563876652,1.0,0.1730382293762575,0.9739860841221086,2269,43
20260408,Isolation Forest,gradual_sensor_drift,0.0441860465116279,0.5757575757575758,0.0820734341252699,0.8088431484657901,2259,33
20260408,Isolation Forest,accelerated_battery_degradation,0.0024271844660194,0.0294117647058823,0.0044843049327354,0.6211748850483589,2260,34
20260408,Isolation Forest,gps_jitter_spoofing,0.0616438356164383,0.75,0.1139240506329113,0.8723544973544974,2262,36
20260408,Isolation Forest,intermittent_software_hang,0.0306603773584905,0.4642857142857143,0.0575221238938053,0.7688679245283019,2254,28
20260408,One-Class SVM,all_faults,0.3197781885397412,0.9942528735632185,0.4839160839160839,0.9881094380931726,2400,174
20260408,One-Class SVM,motor_stall,0.1046228710462287,1.0,0.1894273127753304,0.9974717399026306,2269,43
20260408,One-Class SVM,gradual_sensor_drift,0.0822942643391521,1.0,0.152073732718894,0.994357319829018,2259,33
20260408,One-Class SVM,accelerated_battery_degradation,0.0845771144278607,1.0,0.1559633027522936,0.9917221605623382,2260,34
20260408,One-Class SVM,gps_jitter_spoofing,0.086848635235732,0.9722222222222222,0.1594533029612756,0.9605919936108616,2262,36
20260408,One-Class SVM,intermittent_software_hang,0.0707070707070707,1.0,0.1320754716981132,0.9973607367475292,2254,28
20260408,LOF,all_faults,0.4332493702770781,0.9885057471264368,0.6024518388791593,0.9908242195164771,2400,174
20260408,LOF,motor_stall,0.1604477611940298,1.0,0.2765273311897106,0.9998223949518376,2269,43
20260408,LOF,gradual_sensor_drift,0.127906976744186,1.0,0.2268041237113402,0.997359035094884,2259,33
20260408,LOF,accelerated_battery_degradation,0.1312741312741312,1.0,0.2320819112627986,0.9916759156492786,2260,34
20260408,LOF,gps_jitter_spoofing,0.1312741312741312,0.9444444444444444,0.2305084745762712,0.967817210741739,2262,36
20260408,LOF,intermittent_software_hang,0.1106719367588932,1.0,0.199288256227758,0.9978500834295982,2254,28
20260408,LSTM Autoencoder,all_faults,0.2203389830508474,0.6923076923076923,0.3342857142857143,0.8389780388755275,2120,169
20260408,LSTM Autoencoder,motor_stall,0.0940919037199124,1.0,0.172,0.9965312958172912,1994,43
20260408,LSTM Autoencoder,gradual_sensor_drift,0.0675675675675675,1.0,0.1265822784810126,0.9859900905518536,1981,30
20260408,LSTM Autoencoder,accelerated_battery_degradation,0.0,0.0,0.0,0.4695329695178942,1985,34
20260408,LSTM Autoencoder,gps_jitter_spoofing,0.0547945205479452,0.7058823529411765,0.1016949152542373,0.8551873850514066,1985,34
20260408,LSTM Autoencoder,intermittent_software_hang,0.0460829493087557,0.7142857142857143,0.0865800865800865,0.8684374313538845,1979,28
20260409,Isolation Forest,all_faults,0.3442622950819672,0.4090909090909091,0.373887240356083,0.8925795931584,2400,154
20260409,Isolation Forest,motor_stall,0.1724137931034483,0.7575757575757576,0.2808988764044944,0.9669580938503468,2279,33
20260409,Isolation Forest,gradual_sensor_drift,0.1111111111111111,0.4166666666666667,0.175438596491228,0.9273028594043732,2282,36
20260409,Isolation Forest,accelerated_battery_degradation,0.04,0.2,0.0666666666666666,0.8728227960819235,2271,25
20260409,Isolation Forest,gps_jitter_spoofing,0.0476190476190476,0.1935483870967742,0.0764331210191082,0.8062792634935224,2277,31
20260409,Isolation Forest,intermittent_software_hang,0.0909090909090909,0.4137931034482758,0.1490683229813664,0.8741210427733594,2275,29
20260409,One-Class SVM,all_faults,0.4421364985163205,0.9675324675324676,0.6069246435845214,0.9873844988493252,2400,154
20260409,One-Class SVM,motor_stall,0.1493212669683258,1.0,0.2598425196850393,0.9968766021749104,2279,33
20260409,One-Class SVM,gradual_sensor_drift,0.1569506726457399,0.9722222222222222,0.2702702702702703,0.9938099831799742,2282,36
20260409,One-Class SVM,accelerated_battery_degradation,0.1173708920187793,1.0,0.2100840336134453,0.9926892252894034,2271,25
20260409,One-Class SVM,gps_jitter_spoofing,0.1255813953488372,0.8709677419354839,0.2195121951219512,0.957171171688737,2277,31
20260409,One-Class SVM,intermittent_software_hang,0.1336405529953917,1.0,0.2357723577235772,0.9963306414468636,2275,29
20260409,LOF,all_faults,0.473015873015873,0.9675324675324676,0.6353944562899787,0.9874061824195396,2400,154
20260409,LOF,motor_stall,0.1658291457286432,1.0,0.2844827586206896,0.9993793680347556,2279,33
20260409,LOF,gradual_sensor_drift,0.1741293532338308,0.9722222222222222,0.2953586497890295,0.9940140496685466,2282,36
20260409,LOF,accelerated_battery_degradation,0.1308900523560209,1.0,0.2314814814814814,0.9930721282279608,2271,25
20260409,LOF,gps_jitter_spoofing,0.1398963730569948,0.8709677419354839,0.2410714285714285,0.953594921437394,2277,31
20260409,LOF,intermittent_software_hang,0.1487179487179487,1.0,0.2589285714285714,0.99683728928056,2275,29
20260409,LSTM Autoencoder,all_faults,0.3214285714285714,0.673469387755102,0.4351648351648352,0.8786819340001586,2120,147
20260409,LSTM Autoencoder,motor_stall,0.1363636363636363,1.0,0.24,0.9948240642614692,2006,33
20260409,LSTM Autoencoder,gradual_sensor_drift,0.1434426229508196,0.9722222222222222,0.25,0.9818663062454244,2009,36
20260409,LSTM Autoencoder,accelerated_battery_degradation,0.0,0.0,0.0,0.6537050177394831,1998,25
20260409,LSTM Autoencoder,gps_jitter_spoofing,0.0833333333333333,0.6129032258064516,0.1467181467181467,0.849255268708206,2004,31
20260409,LSTM Autoencoder,intermittent_software_hang,0.0542986425339366,0.5454545454545454,0.0987654320987654,0.8327420172326406,1995,22
