timesteps,mean_reward,std_reward,median_reward,min_reward,max_reward,mean_episode_length,wallclock_sec,environment_steps_per_sec,n_eval_episodes,environment,algorithm,seed,profile
20000,-42.0169465,4.804599993788584,-39.5276835,-55.230811,-39.322995,1600.0,6.9208965839934535,2889.798996022524,10,BipedalWalker-v3,PPO,17,standard
40000,-50.072664,2.619849616885328,-49.5249395,-54.703415,-45.043801,1600.0,13.683853584021564,2923.153171319183,10,BipedalWalker-v3,PPO,17,standard
60000,114.75813639999998,6.127244597316648,115.6702405,106.916484,122.687157,1600.0,20.462273084005574,2932.2255525413384,10,BipedalWalker-v3,PPO,17,standard
80000,103.3394141,6.641822430155451,103.457067,93.684447,118.872086,1600.0,27.1809784170182,2943.2347420544456,10,BipedalWalker-v3,PPO,17,standard
100000,127.5802048,4.511382773707429,129.101935,119.580809,133.528385,1600.0,33.69367750000674,2967.915864926884,10,BipedalWalker-v3,PPO,17,standard
120000,138.23910389999998,47.97361491419143,153.83741500000002,-5.208536,159.087808,1559.8,40.38237037500949,2971.593764447806,10,BipedalWalker-v3,PPO,17,standard
140000,103.6250315,117.05893919221012,181.537533,-79.902106,212.670326,1192.1,46.62305937500787,3002.8059478878067,10,BipedalWalker-v3,PPO,17,standard
160000,111.5699262,119.7314178973632,197.6852315,-83.00077,216.601541,1202.5,52.85335991700413,3027.243684247297,10,BipedalWalker-v3,PPO,17,standard
180000,131.22348190000002,98.3709468642804,189.3618835,-61.645936,202.092618,1357.2,59.05240658399998,3048.139955887425,10,BipedalWalker-v3,PPO,17,standard
200000,-65.7956568,49.51371250853719,-85.0585005,-96.572813,79.179894,313.8,64.29435054201167,3110.6932150953853,10,BipedalWalker-v3,PPO,17,standard
220000,-92.2388684,1.7711167716242306,-92.9382145,-93.767989,-87.494703,127.0,69.36800945899449,3171.4907450248893,10,BipedalWalker-v3,PPO,17,standard
240000,-76.59191910000001,14.17093678143392,-70.625387,-101.845499,-55.810948,231.0,74.51106295900536,3220.9982044148755,10,BipedalWalker-v3,PPO,17,standard
260000,93.5004855,150.48633132955254,204.6162355,-94.131107,223.550134,1019.6,80.31352420902112,3237.3128008096523,10,BipedalWalker-v3,PPO,17,standard
280000,201.2559998,84.76496571237938,230.0521885,-52.203639,238.523448,1478.5,86.85853349999525,3223.632597941748,10,BipedalWalker-v3,PPO,17,standard
300000,229.09784,5.775625108426481,229.0275925,218.460571,240.088619,1600.0,93.51118529200905,3208.172359950146,10,BipedalWalker-v3,PPO,17,standard
301056,218.0881805,36.95738680384737,232.5548385,110.647296,242.696633,1595.3,95.67177270899992,3146.7588764734933,10,BipedalWalker-v3,PPO,17,standard
20000,-40.9431982,5.809813370531342,-43.2134565,-46.375254,-28.95999,1600.0,6.484910333005246,3084.082735609942,10,BipedalWalker-v3,PPO,27,standard
40000,90.0584088,2.175139147523568,89.7535825,86.594329,93.958803,1600.0,13.12012966698967,3048.7503565334614,10,BipedalWalker-v3,PPO,27,standard
60000,-106.2217856,5.240391940203561,-106.4596335,-113.791179,-98.634458,199.8,18.15200870801345,3305.41930455951,10,BipedalWalker-v3,PPO,27,standard
80000,126.26135920000002,4.705732965436199,127.329277,116.475954,132.548259,1600.0,24.74916458298685,3232.432340564492,10,BipedalWalker-v3,PPO,27,standard
100000,122.4916569,84.15887964606064,174.6697715,-4.611376,203.277795,1379.2,30.890964749996783,3237.192519214228,10,BipedalWalker-v3,PPO,27,standard
120000,-72.04536590000001,17.860829216691663,-75.044973,-89.641642,-22.994054,218.5,35.947284666995984,3338.221540559772,10,BipedalWalker-v3,PPO,27,standard
140000,16.695651700000003,88.83512777272948,-29.3162735,-79.478349,221.625868,781.3,41.63617666700157,3362.460514078756,10,BipedalWalker-v3,PPO,27,standard
160000,11.759801799999996,107.02112154919804,-9.3419335,-96.342427,261.183612,709.4,47.24783320800634,3386.398679821096,10,BipedalWalker-v3,PPO,27,standard
180000,-56.1910456,30.840015195267963,-53.386911,-109.23308,-0.954665,352.5,52.24089566699695,3445.576453118022,10,BipedalWalker-v3,PPO,27,standard
200000,-9.547325299999995,78.08218690608925,-40.714485,-83.247672,178.193626,556.9,57.711712041986175,3465.5010728930874,10,BipedalWalker-v3,PPO,27,standard
220000,99.8399097,128.49241387346265,63.866608,-47.644979,289.671698,842.9,63.588341624999885,3459.7536966352736,10,BipedalWalker-v3,PPO,27,standard
240000,59.59236109999999,133.87631145622436,32.0391115,-83.16812,284.394483,748.9,69.30740874999901,3462.8332573464368,10,BipedalWalker-v3,PPO,27,standard
260000,52.870047,77.28152132361872,45.8834695,-62.615672,177.320413,707.5,74.73896304200753,3478.774516230113,10,BipedalWalker-v3,PPO,27,standard
280000,91.16932540000002,111.76322181269346,63.133901,-22.200193,296.202083,781.6,80.4770038750139,3479.254774877784,10,BipedalWalker-v3,PPO,27,standard
300000,218.9148263,121.94892760041036,292.9382385,-50.985972,296.795638,986.8,86.41194520800491,3471.742237463357,10,BipedalWalker-v3,PPO,27,standard
301056,201.3442334,119.6054926866089,287.9562385,-18.543645,297.492023,1004.9,87.91880708301323,3424.250282601559,10,BipedalWalker-v3,PPO,27,standard
20000,-106.9530526,18.010458597739976,-112.62246,-114.61316,-53.146447,225.7,5.009925833990565,3992.075065125139,10,BipedalWalker-v3,PPO,37,standard
40000,-58.2764948,9.181836541277782,-59.127118,-70.634282,-41.639025,1600.0,11.626790624985006,3440.3302932146494,10,BipedalWalker-v3,PPO,37,standard
60000,44.3119789,36.8837772693261,42.8913365,-12.539979,87.258697,1600.0,18.240952541993465,3289.3019079936103,10,BipedalWalker-v3,PPO,37,standard
80000,91.1801364,6.675253363911216,90.2885775,81.274764,104.171932,1600.0,24.793179166998016,3226.6939008163704,10,BipedalWalker-v3,PPO,37,standard
100000,46.262676,143.5153050353274,8.585099,-94.938703,216.394002,875.4,30.346331499982625,3295.2912282019083,10,BipedalWalker-v3,PPO,37,standard
120000,-27.9769012,51.848947608125485,-42.1455545,-88.400382,80.831377,534.6,35.75558624998666,3356.11893372451,10,BipedalWalker-v3,PPO,37,standard
140000,-59.85499699999999,17.822805168758165,-62.6948335,-85.141631,-30.900353,284.8,40.876335666980594,3424.964535485266,10,BipedalWalker-v3,PPO,37,standard
160000,248.4507582,3.151379290921637,248.0364665,243.255989,254.232335,1600.0,47.477487875003135,3370.0182373010493,10,BipedalWalker-v3,PPO,37,standard
180000,164.99042699999998,111.01451841627416,185.5941735,-46.470425,279.066498,1329.9,53.5439133750042,3361.7266399513687,10,BipedalWalker-v3,PPO,37,standard
200000,44.0981876,105.95040675349291,41.4569835,-83.951643,281.096411,795.0,59.22663408398512,3376.859129228821,10,BipedalWalker-v3,PPO,37,standard
220000,-38.4845336,68.85385642791667,-69.58525850000001,-97.029451,115.640125,378.1,64.49833704199409,3410.940655055349,10,BipedalWalker-v3,PPO,37,standard
240000,37.765989700000006,90.77321937089658,7.833263499999999,-34.385575,278.745196,711.9,70.0884693749831,3424.24370428132,10,BipedalWalker-v3,PPO,37,standard
260000,192.293111,145.0926558474132,286.1212,-79.342268,287.46875,1128.7,75.93328887500684,3424.0581943972406,10,BipedalWalker-v3,PPO,37,standard
280000,203.8091314,111.950898525159,287.827879,15.061119,291.255798,1187.0,82.05771741698845,3412.232375135888,10,BipedalWalker-v3,PPO,37,standard
300000,285.9719648,2.6623076083320263,286.422384,280.93107,289.798557,1406.4,88.42166012499365,3392.8338325238105,10,BipedalWalker-v3,PPO,37,standard
301056,249.7069581,91.97402772781396,281.8758915,-25.80304,284.473206,1373.4,90.32056554200244,3333.1943638018706,10,BipedalWalker-v3,PPO,37,standard
20000,-117.03485500000002,16.86478767658469,-122.18087,-124.736509,-66.56635,267.6,5.107701125001768,3915.655891082131,10,BipedalWalker-v3,PPO,47,standard
40000,-38.48890539999999,0.5730373964987276,-38.459059,-39.202614,-37.588404,1600.0,11.765558749990303,3399.753539119675,10,BipedalWalker-v3,PPO,47,standard
60000,122.1764168,6.279524913741719,122.4988685,109.925648,132.748854,1600.0,18.425454290991183,3256.364757819621,10,BipedalWalker-v3,PPO,47,standard
80000,117.9931444,49.57367386064574,142.0735095,9.851441,151.303422,1549.7,24.997333957988303,3200.3412897732123,10,BipedalWalker-v3,PPO,47,standard
100000,79.4915081,88.14482066596459,83.58964350000001,-42.197508,177.152831,1352.1,31.132313165988307,3212.0966876707653,10,BipedalWalker-v3,PPO,47,standard
120000,38.8640364,120.3265087829962,-31.721798,-79.997487,217.495293,916.9,37.018836790986825,3241.5929403059213,10,BipedalWalker-v3,PPO,47,standard
140000,172.5439061,97.68701772392704,220.4338265,-77.473178,226.31585,1441.7,43.47599779098528,3220.167612323987,10,BipedalWalker-v3,PPO,47,standard
160000,-7.464093200000001,70.25585399676393,-35.28304,-75.743733,186.85729,744.8,49.16139166598441,3254.5864666948937,10,BipedalWalker-v3,PPO,47,standard
180000,70.39994349999999,110.76501162334968,48.473057,-83.07541,205.380231,1114.3,55.035702583001694,3270.6041996744625,10,BipedalWalker-v3,PPO,47,standard
200000,120.27159719999996,109.12739313674145,199.9788615,-62.777546,212.007086,1293.4,61.38150845799828,3258.310279827265,10,BipedalWalker-v3,PPO,47,standard
220000,106.20110710000002,143.1523191206955,151.4588975,-89.452923,263.05763,1080.6,67.45493854099186,3261.4365198228984,10,BipedalWalker-v3,PPO,47,standard
240000,260.0577216,7.32384322962965,261.4955615,247.434341,269.281641,1590.1,74.0845519999857,3239.5417603395417,10,BipedalWalker-v3,PPO,47,standard
260000,-92.4501941,0.8975248053594336,-92.564207,-93.803917,-90.891281,105.7,78.84892291598953,3297.4451696318024,10,BipedalWalker-v3,PPO,47,standard
280000,-128.05834190000002,1.0613487652203186,-128.016305,-129.562507,-125.475086,115.2,83.84708891599439,3339.4122994601444,10,BipedalWalker-v3,PPO,47,standard
300000,103.3412268,173.3073342908856,150.0554035,-91.258778,276.612859,866.6,89.67701854099869,3345.338693021396,10,BipedalWalker-v3,PPO,47,standard
301056,-54.87209909999999,111.30307578137044,-92.221057,-92.659274,279.031721,240.8,90.32015866599976,3333.209379240494,10,BipedalWalker-v3,PPO,47,standard
20000,-63.460211400000006,1.1036999995974623,-63.7510875,-65.225753,-61.028187,1600.0,6.498361792007927,3077.698755492068,10,BipedalWalker-v3,PPO,7,standard
40000,-30.1512642,4.206075703442576,-30.909554,-35.502029,-22.505446,1600.0,13.12548520800192,3047.5063867059253,10,BipedalWalker-v3,PPO,7,standard
60000,154.9822385,8.03866024470555,156.126903,135.721467,166.458608,1600.0,19.84247199998936,3023.816790570861,10,BipedalWalker-v3,PPO,7,standard
80000,-104.4241814,12.384171105001665,-99.737755,-120.564688,-89.289858,230.2,24.927036582987057,3209.3666543018103,10,BipedalWalker-v3,PPO,7,standard
100000,-96.4892543,1.482256016829352,-96.3374155,-98.327879,-94.612603,103.0,29.61152762500569,3377.063191956169,10,BipedalWalker-v3,PPO,7,standard
120000,97.3581727,140.69670840930408,66.501873,-96.12167,273.805802,1031.1,35.54810341700795,3375.7075192536468,10,BipedalWalker-v3,PPO,7,standard
140000,63.3122607,115.37711657893578,55.1840835,-76.76297,260.063329,964.0,41.42918587499298,3379.260225446651,10,BipedalWalker-v3,PPO,7,standard
160000,85.8219948,134.9548807790806,64.598188,-78.720143,275.352507,980.7,47.30889099999331,3382.0281265951176,10,BipedalWalker-v3,PPO,7,standard
180000,189.3498067,134.08793572668802,273.485235,-54.502481,277.999146,1289.6,53.29726745799417,3377.283838085425,10,BipedalWalker-v3,PPO,7,standard
200000,83.5411241,150.63715698417337,49.59944,-107.111506,285.407505,910.9,59.09926412499044,3384.136891738876,10,BipedalWalker-v3,PPO,7,standard
220000,-13.3944384,87.23918923313195,-44.286482,-95.849444,164.985276,579.5,64.57638191699516,3406.8183052246936,10,BipedalWalker-v3,PPO,7,standard
240000,184.7882537,118.57362408901416,231.2199695,-17.593077,290.3659,1287.4,70.77081320798607,3391.2285180992867,10,BipedalWalker-v3,PPO,7,standard
260000,248.0772992,95.89980863476067,290.5681085,-18.786952,294.67882,1248.5,76.75407566700596,3387.442265971622,10,BipedalWalker-v3,PPO,7,standard
280000,168.79289880000002,131.42576381661354,209.3427005,-15.04405,295.933129,1009.4,82.68339099999866,3386.4116676105427,10,BipedalWalker-v3,PPO,7,standard
300000,259.3220321,88.76395369146607,289.194896,-6.936433,290.22281,1215.3,88.83963654199033,3376.8710867947334,10,BipedalWalker-v3,PPO,7,standard
301056,288.5944428,2.17824692288229,289.1174325,284.264184,291.804824,1315.8,90.69586137498844,3319.401739350186,10,BipedalWalker-v3,PPO,7,standard
20000,-121.56153720000002,3.52984016688336,-122.6248535,-124.139597,-111.195749,1448.8,39.13276362500619,511.0806942144975,10,BipedalWalker-v3,SAC,17,standard
40000,-90.0967732,38.90730238624187,-89.0123435,-132.015879,-50.082405,858.7,112.34705504201702,356.0395952082614,10,BipedalWalker-v3,SAC,17,standard
60000,-101.6084116,9.9110462445075,-107.5946045,-110.111819,-80.764134,429.6,184.94154450000497,324.4268353128109,10,BipedalWalker-v3,SAC,17,standard
80000,-68.9296713,4.489346359770141,-69.07731849999999,-74.856616,-58.554577,1600.0,259.298663499998,308.5245366102731,10,BipedalWalker-v3,SAC,17,standard
100000,-38.6134783,12.178239028363985,-32.951197,-57.219846,-26.580982,1600.0,333.70873970902176,299.6625143446806,10,BipedalWalker-v3,SAC,17,standard
120000,-34.43217370000001,15.814957442064934,-30.3846215,-64.174367,-9.282193,1600.0,408.2483598749968,293.93871915797354,10,BipedalWalker-v3,SAC,17,standard
140000,29.5478872,52.01216897969063,19.119857,-48.421936,106.013577,1600.0,482.9633682919957,289.8770573327564,10,BipedalWalker-v3,SAC,17,standard
160000,67.1953181,124.1199271474327,50.1630625,-77.608981,259.733383,1145.3,556.4837533750106,287.5196248401112,10,BipedalWalker-v3,SAC,17,standard
180000,206.5686145,114.48755452038482,280.457894,30.9186,288.18726,1189.3,630.0138817090192,285.70799029335603,10,BipedalWalker-v3,SAC,17,standard
200000,263.8187871,86.15190180942494,291.667029,5.420827,296.092151,1071.5,703.3760049170232,284.34293834574845,10,BipedalWalker-v3,SAC,17,standard
220000,-9.6990644,67.44812069194958,-35.9139215,-76.611746,143.135024,414.4,775.7998552090139,283.5782947403724,10,BipedalWalker-v3,SAC,17,standard
240000,305.2484478,1.319304001982099,305.6061745,303.114068,306.877182,951.2,849.0684374590055,282.6627270685558,10,BipedalWalker-v3,SAC,17,standard
260000,306.4389688,1.011025477336727,306.526563,303.992879,308.332646,983.8,922.435565791995,281.8625057857199,10,BipedalWalker-v3,SAC,17,standard
280000,158.5784322,134.8042132498336,149.4592475,-15.908203,307.500755,683.8,995.4269045840192,281.2863493146287,10,BipedalWalker-v3,SAC,17,standard
300000,305.8927937,0.7810536625263397,305.939857,304.366288,307.105995,957.7,1068.7912954170024,280.69090877368274,10,BipedalWalker-v3,SAC,17,standard
20000,-113.48443,0.2861797644984692,-113.580536,-113.682416,-112.67561,56.0,37.22133900001063,537.3261827038057,10,BipedalWalker-v3,SAC,27,standard
40000,-149.50076610000002,4.054756251666246,-148.582796,-154.960295,-145.234305,1600.0,111.65822154199122,358.2360478933227,10,BipedalWalker-v3,SAC,27,standard
60000,-83.7189048,7.680425122815258,-85.5131415,-95.208157,-70.484563,1600.0,185.97711812501075,322.62033418363325,10,BipedalWalker-v3,SAC,27,standard
80000,-41.639691600000006,19.094261391662663,-32.9510565,-72.83179,-21.679587,1600.0,260.2723795830097,307.3703023277784,10,BipedalWalker-v3,SAC,27,standard
100000,-10.418769099999995,69.50830693872923,-43.279946,-93.397516,126.504998,1308.3,334.1324071249983,299.2825534656691,10,BipedalWalker-v3,SAC,27,standard
120000,279.7890674,3.2569697906333857,278.5210955,274.526258,284.941569,1554.2,408.1719277079974,293.9937606043475,10,BipedalWalker-v3,SAC,27,standard
140000,204.798442,112.63021074047118,278.609063,-18.783239,298.122719,1188.2,481.9092532499926,290.51112643270693,10,BipedalWalker-v3,SAC,27,standard
160000,301.2264135,1.5172052164818906,301.69674,298.4341,302.957159,1207.0,555.9651551670104,287.78781999734576,10,BipedalWalker-v3,SAC,27,standard
180000,291.631222,42.11274367362772,305.7715525,165.342329,307.158285,1153.3,629.7534759579867,285.8261317671687,10,BipedalWalker-v3,SAC,27,standard
200000,-135.5257554,9.382921505571304,-140.369014,-145.167032,-120.061066,1600.0,704.0971898330026,284.0516946920863,10,BipedalWalker-v3,SAC,27,standard
220000,289.6853398,78.83736698936487,315.995823,53.181238,316.708437,925.7,777.5320512499893,282.94653531815163,10,BipedalWalker-v3,SAC,27,standard
240000,287.5888346,73.59952367080072,311.9623475,66.818048,314.563805,837.7,850.7001465419889,282.12055796108183,10,BipedalWalker-v3,SAC,27,standard
260000,313.38604470000007,1.6930702841077223,313.3393535,310.437874,316.676897,866.6,923.9468542920076,281.4014667534423,10,BipedalWalker-v3,SAC,27,standard
280000,315.1932524,1.323081102717225,315.147572,313.231776,316.946168,833.2,997.1742129999913,280.79346251606535,10,BipedalWalker-v3,SAC,27,standard
300000,313.25868010000005,0.8231823198135954,313.05845,312.227216,315.118264,813.2,1070.3878360420058,280.27224329203506,10,BipedalWalker-v3,SAC,27,standard
20000,-76.1502007,4.961346892515623,-73.7355115,-88.831534,-72.342934,1600.0,39.52490250000847,506.0101033771232,10,BipedalWalker-v3,SAC,37,standard
40000,-123.124209,15.378700769511632,-120.60105,-160.325087,-95.247229,391.2,112.32727387498016,356.10229483998563,10,BipedalWalker-v3,SAC,37,standard
60000,-53.82353340000001,9.77528316303833,-51.4717155,-73.952648,-43.143127,1600.0,186.8988405419805,321.0292788655532,10,BipedalWalker-v3,SAC,37,standard
80000,-107.089183,2.0538642620259995,-107.121049,-110.987795,-104.422504,125.4,259.3650133750052,308.4456109133397,10,BipedalWalker-v3,SAC,37,standard
100000,-31.5179633,12.989053458953004,-30.4044585,-54.668381,-6.985144,1600.0,333.84799804197974,299.53751583505226,10,BipedalWalker-v3,SAC,37,standard
120000,-18.2047071,24.519328973052342,-28.486136,-44.743967,32.405214,1600.0,408.4125407089887,293.82055651788886,10,BipedalWalker-v3,SAC,37,standard
140000,147.42492470000002,87.11598169867709,188.0282205,-32.657611,239.008899,1539.3,482.99097766698105,289.8604869934631,10,BipedalWalker-v3,SAC,37,standard
160000,253.5318969,63.23100008328125,273.0517405,64.802965,284.494072,1241.7,557.0182216670073,287.2437449553492,10,BipedalWalker-v3,SAC,37,standard
180000,278.2071333,6.002000721128415,278.1769855,269.399519,287.263344,1196.6,630.9724247499835,285.27395641944764,10,BipedalWalker-v3,SAC,37,standard
200000,272.1963401,54.306436694706896,288.8964465,109.576344,295.761185,1025.0,704.787252249982,283.7735775746717,10,BipedalWalker-v3,SAC,37,standard
220000,298.625318,4.309309579173829,300.590523,289.250223,303.128925,958.4,778.5289831669943,282.58421299237625,10,BipedalWalker-v3,SAC,37,standard
240000,107.9652858,80.3121226970571,95.638415,-7.623814,302.412482,594.4,851.1557219999959,281.96955480257134,10,BipedalWalker-v3,SAC,37,standard
260000,248.38124380000005,112.29724510914248,303.017718,1.678544,308.481509,767.6,924.0190209999856,281.379489048423,10,BipedalWalker-v3,SAC,37,standard
280000,306.0471296,0.796323463115602,305.88313300000004,304.947015,307.53709,862.6,997.1240007499872,280.8076024540557,10,BipedalWalker-v3,SAC,37,standard
300000,308.5375873,1.1913443629326548,308.4069385,306.753947,310.746109,805.2,1070.3630280419893,280.2787392131703,10,BipedalWalker-v3,SAC,37,standard
20000,-108.7370181,7.014388236095153,-112.8208515,-113.878495,-95.323492,1445.5,38.91840366701945,513.8956924111603,10,BipedalWalker-v3,SAC,47,standard
40000,-118.8162325,0.753412615390962,-118.4702445,-120.371866,-118.205298,60.3,110.4134353749978,362.2747527431582,10,BipedalWalker-v3,SAC,47,standard
60000,-109.344698,23.28313824663144,-97.6098815,-156.438692,-97.010764,184.7,182.20707854200737,329.2956589837818,10,BipedalWalker-v3,SAC,47,standard
80000,-78.25501919999999,27.270289822145056,-66.731622,-128.456923,-43.025586,1048.8,255.1000088750152,313.6024979097337,10,BipedalWalker-v3,SAC,47,standard
100000,-47.0268805,27.18188108570764,-42.486997,-108.560007,0.949967,1345.5,328.2848370000138,304.61352072741573,10,BipedalWalker-v3,SAC,47,standard
120000,67.5920098,98.56582389878464,106.086284,-85.495244,188.565442,1600.0,401.76330975000747,298.6833219655339,10,BipedalWalker-v3,SAC,47,standard
140000,24.496911000000004,101.80672655020808,-9.889959,-108.376157,183.752295,985.0,474.4055777500034,295.10614243615726,10,BipedalWalker-v3,SAC,47,standard
160000,177.28499620000002,139.58478991293214,289.09527,-46.669961,290.555574,1207.2,547.8928117500036,292.0279232884076,10,BipedalWalker-v3,SAC,47,standard
180000,250.2627534,98.04831468346984,299.1934565,49.174884,299.549923,1117.4,621.0416917919938,289.83561390317675,10,BipedalWalker-v3,SAC,47,standard
200000,275.1843974,65.37247984994627,307.40713700000003,136.40812,309.420313,1042.9,694.0577214999939,288.1604711028372,10,BipedalWalker-v3,SAC,47,standard
220000,306.4283341,0.6973307563038372,306.49193549999995,304.912883,307.451697,1015.3,767.0178401670128,286.8251407973725,10,BipedalWalker-v3,SAC,47,standard
240000,308.52129219999995,0.4623469748774786,308.6481775,307.72692,309.199273,1036.8,840.0683578329918,285.6910366426547,10,BipedalWalker-v3,SAC,47,standard
260000,313.404985,0.6358584910660517,313.33507050000003,312.73763,314.724899,1003.4,912.999767292,284.7755380827448,10,BipedalWalker-v3,SAC,47,standard
280000,227.5242009,151.5801817494314,300.4567045,-86.158933,309.64041,941.3,985.9928240000154,283.9777259879892,10,BipedalWalker-v3,SAC,47,standard
300000,308.7594143,0.8199443693984397,308.7279405,307.31189,310.007859,973.4,1059.0497440829931,283.27281289299884,10,BipedalWalker-v3,SAC,47,standard
20000,-88.5725621,33.77102839166462,-109.570331,-112.48911,-33.150387,587.3,37.35246941700461,535.4398333539643,10,BipedalWalker-v3,SAC,7,standard
40000,-101.1164116,0.1065309951912604,-101.111607,-101.309594,-100.940182,69.9,108.14093312501792,369.8876904803236,10,BipedalWalker-v3,SAC,7,standard
60000,-98.9934489,12.397435224416062,-106.6915405,-111.259831,-81.446361,1600.0,181.0920780840097,331.3231624199797,10,BipedalWalker-v3,SAC,7,standard
80000,-61.5908118,14.100198662394646,-56.176569,-86.931724,-42.48907,1600.0,254.3467290000117,314.5312712081165,10,BipedalWalker-v3,SAC,7,standard
100000,-90.8160357,26.800644629491504,-99.0494725,-107.641333,-10.889455,257.9,325.5824216250039,307.1418889904843,10,BipedalWalker-v3,SAC,7,standard
120000,-39.1205637,38.58672977911872,-44.247896,-105.562286,24.699467,1017.4,397.9153126250021,301.5717068246849,10,BipedalWalker-v3,SAC,7,standard
140000,11.9158173,54.61168608056233,-2.239825,-66.664563,98.659434,1600.0,471.1610225000186,297.1383313015764,10,BipedalWalker-v3,SAC,7,standard
160000,185.14991000000003,63.46236225760208,204.5621345,-4.267015,216.289109,1520.8,543.6694560420001,294.2964667627742,10,BipedalWalker-v3,SAC,7,standard
180000,281.5866633,1.819883937765816,281.04843800000003,279.54668,285.681112,1220.2,615.7891770000278,292.3078331400941,10,BipedalWalker-v3,SAC,7,standard
200000,290.3219147,0.9780148110212868,290.23269700000003,288.583836,291.631914,937.9,687.5300581250049,290.8963726552251,10,BipedalWalker-v3,SAC,7,standard
220000,294.1878377,0.683564702391374,294.3906965,292.452984,295.084674,897.6,759.1800642920134,289.7863238876864,10,BipedalWalker-v3,SAC,7,standard
240000,294.5873561,1.3340825318987213,294.5053715,292.763092,296.843277,895.3,831.3090732500132,288.70128779145523,10,BipedalWalker-v3,SAC,7,standard
260000,295.4946342,1.213353853705231,295.36757850000004,294.142147,298.224181,899.8,903.503588875028,287.7686411005092,10,BipedalWalker-v3,SAC,7,standard
280000,287.3303562,32.74660581225094,297.7539165,189.355654,301.535677,891.3,975.7604566670198,286.9556745068534,10,BipedalWalker-v3,SAC,7,standard
300000,298.3395488,1.143604495628341,298.380258,296.413201,300.103601,920.9,1048.1164460840228,286.2277384548838,10,BipedalWalker-v3,SAC,7,standard
10000,-152.93496480000002,79.9944837953036,-179.7880375,-261.270202,4.656451,115.9,1.944706167007098,5142.165006546977,10,LunarLanderContinuous-v3,PPO,17,standard
20000,-129.32102179999998,64.42355318295408,-136.44028300000002,-242.450668,-11.300951,147.0,4.096457707986701,4882.26693052556,10,LunarLanderContinuous-v3,PPO,17,standard
30000,-192.3286842,46.31652586142352,-213.618441,-245.412347,-95.114233,331.5,6.390486707998207,4694.478115798691,10,LunarLanderContinuous-v3,PPO,17,standard
40000,-159.00672189999997,145.13770581680708,-121.456754,-569.565127,-27.633098,435.5,8.76564333299757,4563.270313477526,10,LunarLanderContinuous-v3,PPO,17,standard
50000,-108.25306549999998,104.60301325464457,-116.7197145,-285.173725,116.756094,680.6,11.330285957985325,4412.9512869674,10,LunarLanderContinuous-v3,PPO,17,standard
60000,-142.4477812,171.96883011080558,-142.96424000000002,-371.277859,198.334435,581.7,13.809398957993835,4344.866868030332,10,LunarLanderContinuous-v3,PPO,17,standard
70000,114.8469949,117.82234860976013,177.21351249999998,-96.746613,240.031895,436.7,16.18085816700477,4326.099350079011,10,LunarLanderContinuous-v3,PPO,17,standard
80000,156.58915859999996,64.80283801154978,173.9653765,-2.415789,231.52666,430.6,18.5462722920056,4313.535288408558,10,LunarLanderContinuous-v3,PPO,17,standard
90000,114.1141047,132.08306654320188,190.1322735,-126.473772,219.043161,626.3,20.84833791700657,4316.890888773655,10,LunarLanderContinuous-v3,PPO,17,standard
100000,-25.9277425,182.4106064300394,-123.59210000000002,-222.861793,239.875986,697.1,23.4118256669899,4271.345661906134,10,LunarLanderContinuous-v3,PPO,17,standard
110000,8.040282899999998,128.33444011934407,-41.058786,-196.217194,180.681314,542.9,25.85296033299528,4254.8318870706125,10,LunarLanderContinuous-v3,PPO,17,standard
120000,9.559454299999995,137.63158093750346,-37.1649345,-162.720232,203.963616,576.1,28.3305173330009,4235.71509794555,10,LunarLanderContinuous-v3,PPO,17,standard
130000,40.45846340000001,158.00017328830253,52.590566,-185.698178,226.406178,489.2,30.736721875000512,4229.468598788167,10,LunarLanderContinuous-v3,PPO,17,standard
140000,83.22690910000001,149.26777751593278,122.0308075,-121.916133,251.912855,386.0,33.0755477079947,4232.734140519177,10,LunarLanderContinuous-v3,PPO,17,standard
150000,17.8129976,149.9547205324292,-81.76227,-156.360959,219.729824,413.1,35.42931054200744,4233.782642260273,10,LunarLanderContinuous-v3,PPO,17,standard
151552,10.3096877,140.11676769436832,-90.7070275,-145.353275,212.309081,381.1,36.08553904198925,4199.798701182033,10,LunarLanderContinuous-v3,PPO,17,standard
10000,-118.220221,22.27456736574961,-118.218629,-145.987022,-82.799676,72.2,1.898396791977575,5267.602664658383,10,LunarLanderContinuous-v3,PPO,27,standard
20000,-105.6228884,95.32281798402964,-135.3988905,-188.122703,165.340921,154.9,4.053278582985513,4934.277176001224,10,LunarLanderContinuous-v3,PPO,27,standard
30000,-168.2036476,35.30080394430032,-169.65366,-219.470663,-116.400255,151.2,6.209448916983092,4831.346614020576,10,LunarLanderContinuous-v3,PPO,27,standard
40000,-108.3554447,37.99337377367577,-107.753299,-198.754625,-49.992415,186.8,8.400561374990502,4761.586543380885,10,LunarLanderContinuous-v3,PPO,27,standard
50000,148.5797429,135.7216056446084,197.7365335,-86.327593,291.846608,361.4,10.732629832986277,4658.690440093923,10,LunarLanderContinuous-v3,PPO,27,standard
60000,88.7920804,135.45672472553804,82.122535,-78.618499,283.876754,382.2,13.075779832986882,4588.6364535318335,10,LunarLanderContinuous-v3,PPO,27,standard
70000,72.7803361,158.43160644480906,167.757312,-160.184457,241.839036,530.6,15.519059499987634,4510.582616173086,10,LunarLanderContinuous-v3,PPO,27,standard
80000,64.3342858,155.3460937837914,-2.676125,-163.424931,268.606465,306.2,17.787486957997316,4497.543705241156,10,LunarLanderContinuous-v3,PPO,27,standard
90000,94.9530189,127.4048584737658,168.21598,-66.551914,235.682936,410.7,19.916239249985665,4518.925429160266,10,LunarLanderContinuous-v3,PPO,27,standard
100000,115.92317970000002,126.32391551192372,162.6265305,-69.761443,267.006703,501.7,22.33535412498168,4477.206828261204,10,LunarLanderContinuous-v3,PPO,27,standard
110000,96.7803233,85.71993850549399,121.540821,-21.686368,198.742996,627.3,24.838402332999976,4428.626226649668,10,LunarLanderContinuous-v3,PPO,27,standard
120000,188.0566005,65.51159970832008,207.828041,-0.506699,238.234315,516.8,27.258297041989863,4402.329309683096,10,LunarLanderContinuous-v3,PPO,27,standard
130000,137.7549984,123.27120753287848,205.9366155,-83.94783,251.176492,368.7,29.5673736250028,4396.738163110613,10,LunarLanderContinuous-v3,PPO,27,standard
140000,1.6127726999999994,91.56099326008643,-29.134059,-83.50679,182.177573,422.9,31.91764866700396,4386.288020794281,10,LunarLanderContinuous-v3,PPO,27,standard
150000,148.34690619999998,109.7333425719571,201.877167,-34.00392,260.367978,337.5,34.206615167000564,4385.116716976615,10,LunarLanderContinuous-v3,PPO,27,standard
151552,106.12882929999998,123.4749202660263,182.1421725,-105.984395,241.119978,358.4,34.84937675000401,4348.772177108807,10,LunarLanderContinuous-v3,PPO,27,standard
10000,-124.8708043,101.36635384147634,-110.313862,-298.7695,-3.869033,87.7,1.9045772080135064,5250.509119779976,10,LunarLanderContinuous-v3,PPO,37,standard
20000,-111.0243768,69.68002756102749,-136.481755,-201.42058,5.761274,168.0,4.065460000012536,4919.492505138,10,LunarLanderContinuous-v3,PPO,37,standard
30000,-201.3911357,80.80578556475476,-176.2746745,-380.447448,-112.101632,248.5,6.28547187501681,4772.911341667528,10,LunarLanderContinuous-v3,PPO,37,standard
40000,-162.716808,107.06886613027672,-171.905357,-279.41709,124.857392,403.2,8.6327605000115,4633.512072986006,10,LunarLanderContinuous-v3,PPO,37,standard
50000,-133.8444896,60.10988021490928,-119.9592455,-247.507558,-63.38766,407.0,10.977701124997113,4554.687673737625,10,LunarLanderContinuous-v3,PPO,37,standard
60000,-91.0087687,120.75987961688844,-105.256438,-249.939771,218.181051,453.4,13.35109170799842,4494.014520479624,10,LunarLanderContinuous-v3,PPO,37,standard
70000,5.675759900000003,147.1797019740641,-21.8557665,-234.182949,273.554889,605.5,15.841896625002846,4418.662844291059,10,LunarLanderContinuous-v3,PPO,37,standard
80000,-1.6765693000000017,93.21834951884104,-24.9069115,-126.739458,167.255157,843.9,18.508079791994533,4322.436519568233,10,LunarLanderContinuous-v3,PPO,37,standard
90000,130.0855177,77.17497678236522,156.10878100000002,-23.135056,205.048245,748.6,20.882113833009495,4309.908504460505,10,LunarLanderContinuous-v3,PPO,37,standard
100000,-9.1066285,101.65957219243164,-30.9853815,-157.148713,158.421422,694.7,23.42399654199835,4269.126313296014,10,LunarLanderContinuous-v3,PPO,37,standard
110000,-31.8583452,69.45890135706,-51.491553,-92.503846,156.504501,996.3,26.18619091701112,4200.687314493748,10,LunarLanderContinuous-v3,PPO,37,standard
120000,-17.3781158,22.63928026335416,-17.7372045,-48.293046,14.73508,1000.0,29.00827191700228,4136.751073739963,10,LunarLanderContinuous-v3,PPO,37,standard
130000,4.2000577,66.47631786190647,-26.921255,-65.271444,127.244089,967.6,31.77226937501109,4091.6183375382393,10,LunarLanderContinuous-v3,PPO,37,standard
140000,44.78865280000001,97.37317360606274,39.0209535,-112.476088,162.943199,872.9,34.491387207992375,4058.984324282529,10,LunarLanderContinuous-v3,PPO,37,standard
150000,77.81427819999999,102.77920847943322,119.4806955,-88.673491,214.845195,712.5,37.0534939999925,4048.2012303625233,10,LunarLanderContinuous-v3,PPO,37,standard
151552,93.1175692,121.43713238979558,148.7539645,-110.228496,218.033218,686.5,37.937693874991965,3994.7604748822414,10,LunarLanderContinuous-v3,PPO,37,standard
10000,-228.1116384,110.8331364535366,-271.6334235,-377.287447,-24.262371,130.6,1.904871250008,5249.698634465716,10,LunarLanderContinuous-v3,PPO,47,standard
20000,-170.95500769999998,128.5156862719765,-178.8882935,-395.160579,11.781858,142.6,4.002587958006188,4996.767144116082,10,LunarLanderContinuous-v3,PPO,47,standard
30000,-275.2314578,63.76623625212331,-281.46156399999995,-383.710143,-179.269061,134.2,6.0863714999868535,4929.045162633402,10,LunarLanderContinuous-v3,PPO,47,standard
40000,-1027.3993564,439.67418900438525,-1041.5989725,-1836.869922,-344.68903,782.3,8.655253290984547,4621.47075945942,10,LunarLanderContinuous-v3,PPO,47,standard
50000,-32.99758750000001,166.3574532989489,-93.6501875,-232.113011,258.366701,485.1,11.027844541007653,4533.977588645925,10,LunarLanderContinuous-v3,PPO,47,standard
60000,109.2068624,131.92474383180468,169.804032,-171.620984,211.627205,667.7,13.53080208299798,4434.326925481566,10,LunarLanderContinuous-v3,PPO,47,standard
70000,-98.6271376,180.53612390497577,-117.936185,-393.692723,173.484304,839.8,16.142470249993494,4336.387115226569,10,LunarLanderContinuous-v3,PPO,47,standard
80000,-43.090152,102.50043052632388,-83.97666849999999,-161.649866,139.624331,945.6,18.8357817500073,4247.235451216087,10,LunarLanderContinuous-v3,PPO,47,standard
90000,195.12828030000003,20.386903634228528,195.2463885,154.270072,220.26159,544.8,21.02565624998533,4280.484705444701,10,LunarLanderContinuous-v3,PPO,47,standard
100000,195.3116273,68.9346305202186,224.459026,-2.221812,240.781359,561.6,23.437152625003364,4266.729905292224,10,LunarLanderContinuous-v3,PPO,47,standard
110000,104.4021016,123.87243759556824,175.207972,-75.569131,249.082459,470.5,25.774428000004264,4267.795972037937,10,LunarLanderContinuous-v3,PPO,47,standard
120000,171.76830290000004,71.3965069784918,194.4363785,-35.282501,224.531019,564.0,28.18100737500936,4258.187026572188,10,LunarLanderContinuous-v3,PPO,47,standard
130000,140.0364765,103.84582272747446,200.5373095,-22.721164,237.293013,435.0,30.49279975000536,4263.301535634724,10,LunarLanderContinuous-v3,PPO,47,standard
140000,67.7998219,103.12934377047708,70.4162235,-67.323226,185.173946,635.1,32.94992483299575,4248.871604702579,10,LunarLanderContinuous-v3,PPO,47,standard
150000,149.79351979999998,82.48043446549653,169.8496505,-87.079791,222.467621,544.9,35.344596540991915,4243.930181124947,10,LunarLanderContinuous-v3,PPO,47,standard
151552,94.2858352,111.70919607368243,159.9461475,-116.634952,188.439155,534.9,36.10523250000551,4197.507937387659,10,LunarLanderContinuous-v3,PPO,47,standard
10000,-163.5424065,74.88242267636458,-138.12974400000002,-335.927546,-99.95731,86.6,1.9009441250236705,5260.54388888231,10,LunarLanderContinuous-v3,PPO,7,standard
20000,-113.2085061,103.27490282636964,-96.225631,-287.102695,4.10116,97.0,3.966738042014185,5041.926083388311,10,LunarLanderContinuous-v3,PPO,7,standard
30000,-162.0263163,152.2766083434861,-210.520133,-305.823461,228.502149,228.8,6.131912167009432,4892.437983930087,10,LunarLanderContinuous-v3,PPO,7,standard
40000,-195.8824457,61.1785953955278,-219.2429335,-257.820882,-58.249902,324.3,8.370442500017816,4778.719882481107,10,LunarLanderContinuous-v3,PPO,7,standard
50000,-172.5750689,25.992862588062746,-174.02696550000002,-203.24993,-105.495946,328.1,10.607665542018369,4713.572444563169,10,LunarLanderContinuous-v3,PPO,7,standard
60000,-196.2646672,66.55350506620097,-173.939314,-338.317682,-125.617696,308.0,12.83252233301755,4675.620150344292,10,LunarLanderContinuous-v3,PPO,7,standard
70000,-218.3598142,79.03788113616818,-185.9180345,-372.057984,-136.086757,397.0,15.114912917022592,4631.1877801932405,10,LunarLanderContinuous-v3,PPO,7,standard
80000,-192.2767968,51.87690964046835,-194.0832715,-270.236575,-119.086888,812.5,17.713736625009915,4516.2690229371765,10,LunarLanderContinuous-v3,PPO,7,standard
90000,-115.3179555,50.98608416855684,-99.1102615,-211.729583,-50.545406,911.2,20.1735074169992,4461.296597544635,10,LunarLanderContinuous-v3,PPO,7,standard
100000,88.59109409999999,132.23628280334006,165.6986915,-129.338135,191.525975,772.5,22.738594082999043,4397.809276817469,10,LunarLanderContinuous-v3,PPO,7,standard
110000,-185.9472845,97.14307020334864,-167.748252,-336.71021,-23.276295,1000.0,25.48124079199624,4316.90124111034,10,LunarLanderContinuous-v3,PPO,7,standard
120000,159.04018530000002,67.18982599367313,177.647422,-37.793892,201.846189,754.9,28.02683466702001,4281.61087135564,10,LunarLanderContinuous-v3,PPO,7,standard
130000,142.0127594,72.79338442179333,163.127785,-62.171684,199.544709,720.3,30.551237042003777,4255.146847941632,10,LunarLanderContinuous-v3,PPO,7,standard
140000,174.12251220000002,63.71698774208052,170.6928025,54.377118,265.569103,621.2,32.99720237500151,4242.783930860248,10,LunarLanderContinuous-v3,PPO,7,standard
150000,58.1210566,129.48514936545126,-1.6607599999999998,-86.830709,261.450829,636.9,35.45585437500267,4230.613043857547,10,LunarLanderContinuous-v3,PPO,7,standard
151552,98.4703908,113.4858413304829,80.70058449999999,-37.288133,244.263237,520.2,36.20128545802436,4186.370679453513,10,LunarLanderContinuous-v3,PPO,7,standard
10000,-351.5916134,48.44161173452237,-335.1015575,-426.559807,-296.203333,137.5,0.9226674580131656,10838.14099343396,10,LunarLanderContinuous-v3,SAC,17,standard
20000,-77.3203958,71.78734753635806,-42.65161,-225.861459,-1.803289,981.3,36.60136120801326,546.4277649767116,10,LunarLanderContinuous-v3,SAC,17,standard
30000,-121.65387230000002,116.43219687891988,-88.1026325,-322.937336,17.295559,928.4,72.31014191702707,414.8795619074261,10,LunarLanderContinuous-v3,SAC,17,standard
40000,-34.3892492,18.264176373839938,-34.054066,-61.794144,-2.486726,1000.0,108.08667095800048,370.0733831976647,10,LunarLanderContinuous-v3,SAC,17,standard
50000,-15.5189587,16.52427123854942,-11.896617,-40.154879,7.722375,1000.0,143.64530608302448,348.0795952434455,10,LunarLanderContinuous-v3,SAC,17,standard
60000,-2.788513600000001,24.361296869200817,4.583067,-46.598331,29.803241,1000.0,179.38346325000748,334.4789921709659,10,LunarLanderContinuous-v3,SAC,17,standard
70000,11.1885521,15.267857282682312,11.3991795,-16.164105,37.377594,1000.0,215.18276016702293,325.30487082546307,10,LunarLanderContinuous-v3,SAC,17,standard
80000,-7.655235299999999,13.514455253945318,-5.104594,-36.50457,15.307038,1000.0,251.0003047080245,318.72471267738024,10,LunarLanderContinuous-v3,SAC,17,standard
90000,-7.7665109,15.813008755656,-4.185484499999999,-33.419422,12.926997,1000.0,286.823353417014,313.7819808875483,10,LunarLanderContinuous-v3,SAC,17,standard
100000,-5.9023881,27.401311697813004,-2.5280314999999995,-45.646903,42.493479,1000.0,322.693687083025,309.8914047682354,10,LunarLanderContinuous-v3,SAC,17,standard
110000,2.0849056999999998,20.656251309092166,7.802,-36.571435,35.037146,1000.0,358.46705329199904,306.8622318001329,10,LunarLanderContinuous-v3,SAC,17,standard
120000,43.57680309999999,103.5051735398446,-4.277303,-55.533834,234.176491,960.2,394.233989750006,304.3877573217244,10,LunarLanderContinuous-v3,SAC,17,standard
130000,3.1938711000000004,41.969347755076186,-1.6639115,-56.492666,99.18311,996.7,430.1304681250185,302.2338793312711,10,LunarLanderContinuous-v3,SAC,17,standard
140000,69.5172456,105.261738396707,-3.2510275,-41.933589,235.007617,836.4,465.8436501670221,300.53001677666924,10,LunarLanderContinuous-v3,SAC,17,standard
150000,157.7599142,166.99677466462714,221.507192,-304.040798,262.534279,410.3,501.1068235420098,299.3373726977894,10,LunarLanderContinuous-v3,SAC,17,standard
10000,-132.99853430000002,34.91338869809657,-121.885588,-206.279122,-93.441173,75.1,0.8616462500067428,11605.690850417726,10,LunarLanderContinuous-v3,SAC,27,standard
20000,-35.8461706,27.455335105009446,-33.7707245,-87.975513,1.756162,950.7,35.89967916702153,557.1080428588501,10,LunarLanderContinuous-v3,SAC,27,standard
30000,-47.6909626,32.68284349642224,-53.8957605,-91.861675,7.808407,1000.0,71.03829854200012,422.30741185704267,10,LunarLanderContinuous-v3,SAC,27,standard
40000,-2.1411607,12.173457798443556,-1.557088,-27.945699,11.863913,919.4,105.77391516702482,378.1650696850641,10,LunarLanderContinuous-v3,SAC,27,standard
50000,-17.0048184,23.202656564881263,-16.2374585,-53.833035,19.042944,1000.0,140.6022553750081,355.61307225579145,10,LunarLanderContinuous-v3,SAC,27,standard
60000,-24.9592172,19.334478908454184,-22.101757,-57.594162,10.66873,1000.0,175.39591695801937,342.08321972717795,10,LunarLanderContinuous-v3,SAC,27,standard
70000,8.5246646,14.922804168297656,11.7415365,-13.46653,27.416353,1000.0,210.39870312501444,332.70167049655004,10,LunarLanderContinuous-v3,SAC,27,standard
80000,4.4006627,19.425621475047983,-0.5152015,-18.753949,41.980275,1000.0,245.53286170802312,325.82196714317,10,LunarLanderContinuous-v3,SAC,27,standard
90000,-4.7532108,14.31237602649548,-7.1659255,-22.273895,20.984083,1000.0,280.6623490830243,320.6700161031453,10,LunarLanderContinuous-v3,SAC,27,standard
100000,5.766299899999999,12.72771908197015,4.946477,-17.082482,26.425958,1000.0,315.8140485830081,316.64202542185564,10,LunarLanderContinuous-v3,SAC,27,standard
110000,13.305086899999996,19.21666095731625,18.006989,-17.914598,40.484911,1000.0,350.98235329202726,313.40607004386027,10,LunarLanderContinuous-v3,SAC,27,standard
120000,4.322205499999999,25.83237428056421,1.270559,-40.586621,36.976482,1000.0,386.1096023330174,310.7925813678694,10,LunarLanderContinuous-v3,SAC,27,standard
130000,-6.309288299999999,25.2007476828437,-7.198454999999999,-48.22602,26.807681,1000.0,421.285808250017,308.579110556817,10,LunarLanderContinuous-v3,SAC,27,standard
140000,-29.4487768,92.6712793791848,-8.019255,-282.972497,54.953641,935.8,456.4995127500151,306.6815978764599,10,LunarLanderContinuous-v3,SAC,27,standard
150000,-73.6968677,111.97057119753453,-17.852153,-282.291793,34.540903,858.4,491.6238937920134,305.1112891259493,10,LunarLanderContinuous-v3,SAC,27,standard
10000,-291.80417140000003,75.73477535297408,-303.06167500000004,-384.685677,-98.750066,123.3,0.9053016249963548,11046.04225143224,10,LunarLanderContinuous-v3,SAC,37,standard
20000,-47.00781049999999,29.82016809597454,-56.693412,-87.286056,7.618473,1000.0,35.93906266702106,556.497540998828,10,LunarLanderContinuous-v3,SAC,37,standard
30000,156.5927708,113.98936660334616,205.80954,-111.575963,240.095326,605.4,70.55189066700405,425.2189376695259,10,LunarLanderContinuous-v3,SAC,37,standard
40000,-75.6915047,125.5169048330472,-38.8607695,-447.674562,-1.052199,917.0,105.48168129200349,379.2127648142861,10,LunarLanderContinuous-v3,SAC,37,standard
50000,90.50252960000002,129.1765530012505,60.3554005,-70.898775,258.402131,766.0,140.2612086670124,356.4777494446285,10,LunarLanderContinuous-v3,SAC,37,standard
60000,237.5307314,14.27904642437943,235.547663,213.02365,260.21263,392.7,174.66028070900938,343.5240099033292,10,LunarLanderContinuous-v3,SAC,37,standard
70000,178.9832755,131.31326363281943,231.815434,-111.729201,283.646558,380.1,209.05270937501336,334.8437827439448,10,LunarLanderContinuous-v3,SAC,37,standard
80000,184.4277164,109.15471066062324,221.218216,-132.15049,259.161272,332.1,243.3976843749988,328.68020172593475,10,LunarLanderContinuous-v3,SAC,37,standard
90000,149.2214219,115.29992942783235,182.9306475,-111.910834,285.69288,531.0,277.9215041669959,323.8324442354821,10,LunarLanderContinuous-v3,SAC,37,standard
100000,244.5991798,27.57810866519929,254.392904,183.014705,273.573254,404.1,312.3175359170127,320.18695237968143,10,LunarLanderContinuous-v3,SAC,37,standard
110000,132.06539410000002,136.29279859382132,225.95409,-57.274687,274.23284,617.5,346.91332424999564,317.08208451725784,10,LunarLanderContinuous-v3,SAC,37,standard
120000,198.4457466,95.8075705622217,237.9100185,-58.986607,293.547182,464.5,381.40696787499473,314.62456144568847,10,LunarLanderContinuous-v3,SAC,37,standard
130000,218.0489582,73.55015840992934,243.257099,26.192075,274.852244,410.7,415.8910906249948,312.5818343562926,10,LunarLanderContinuous-v3,SAC,37,standard
140000,248.89609210000003,24.31193619288728,250.501943,208.015853,286.074674,321.7,450.2851199590077,310.91411595556406,10,LunarLanderContinuous-v3,SAC,37,standard
150000,253.6551582,19.60026666739957,256.340434,204.407105,281.324123,321.2,484.8058831670205,309.40218592257366,10,LunarLanderContinuous-v3,SAC,37,standard
10000,-278.9470363,66.04705847341994,-295.8603335,-378.635575,-146.475509,142.3,0.9247370839875656,10813.884479336468,10,LunarLanderContinuous-v3,SAC,47,standard
20000,16.796179100000007,172.01308025612622,115.4884625,-269.813276,188.261,669.0,35.87663329200586,557.4659092790755,10,LunarLanderContinuous-v3,SAC,47,standard
30000,-52.42653150000001,90.87188889717292,-76.3841055,-125.5741,207.653823,338.4,70.65431416698266,424.6025222054912,10,LunarLanderContinuous-v3,SAC,47,standard
40000,-0.4426920999999844,188.22606828786573,65.6358145,-370.396802,233.604295,749.1,105.53208733399516,379.03163872240367,10,LunarLanderContinuous-v3,SAC,47,standard
50000,118.6864628,129.79767757352278,175.316767,-109.687954,253.677997,624.5,140.45528833399294,355.98517217168404,10,LunarLanderContinuous-v3,SAC,47,standard
60000,109.79673719999998,80.60945022735909,112.3463715,-12.521174,231.589662,785.2,175.5179249169887,341.8454270603816,10,LunarLanderContinuous-v3,SAC,47,standard
70000,116.290108,88.5762892800819,153.1355315,-23.877285,222.240372,685.0,210.2723155419808,332.9016462275298,10,LunarLanderContinuous-v3,SAC,47,standard
80000,105.4566934,81.77912210188936,98.021798,0.636473,227.665868,525.1,244.9552243340004,326.59029917614134,10,LunarLanderContinuous-v3,SAC,47,standard
90000,143.5693442,58.87597321717976,142.118369,71.147943,242.253988,787.9,279.77683454199,321.6849606127504,10,LunarLanderContinuous-v3,SAC,47,standard
100000,88.8194836,58.00422289755137,89.8505775,2.697249,173.275344,889.5,314.7154475839925,317.74735167174026,10,LunarLanderContinuous-v3,SAC,47,standard
110000,220.2981345,13.950133523404824,219.8950595,202.706253,246.668852,506.4,349.27759045897983,314.9357502594164,10,LunarLanderContinuous-v3,SAC,47,standard
120000,211.2996662,24.319840469255688,217.5422185,151.207441,251.300177,483.4,383.8450639999937,312.6261381336975,10,LunarLanderContinuous-v3,SAC,47,standard
130000,175.3577416,115.95118157718358,212.6222065,-166.831419,237.229471,391.9,418.3203443340026,310.76662122892867,10,LunarLanderContinuous-v3,SAC,47,standard
140000,238.5330873,23.722421505474777,236.013992,192.446315,275.447892,354.2,452.9063244999852,309.11469420207794,10,LunarLanderContinuous-v3,SAC,47,standard
150000,199.4229687,81.82187390723364,216.057852,-26.831583,298.552493,522.3,487.8144078339974,307.4939927790013,10,LunarLanderContinuous-v3,SAC,47,standard
10000,-265.77310980000004,133.44933993433295,-311.5262795,-380.375877,27.414556,117.8,0.8995331670157611,11116.877472317576,10,LunarLanderContinuous-v3,SAC,7,standard
20000,-0.8668964000000002,143.6061046500048,7.664009500000002,-254.320668,201.318274,626.6,35.88826066700858,557.2852968710638,10,LunarLanderContinuous-v3,SAC,7,standard
30000,112.1773013,153.4070888553786,172.828327,-270.054608,221.303367,679.9,70.9744739170128,422.6871767317025,10,LunarLanderContinuous-v3,SAC,7,standard
40000,158.09109160000003,61.75825468637101,178.395421,-17.214787,214.790015,653.9,106.05069979201652,377.1780863157604,10,LunarLanderContinuous-v3,SAC,7,standard
50000,184.8378184,94.31649946587407,226.4876155,-75.855403,251.285078,534.4,141.00793137500295,354.58998307710584,10,LunarLanderContinuous-v3,SAC,7,standard
60000,182.1506887,64.12816206341944,197.4270725,0.544559,237.590516,570.3,175.97625270899152,340.955095226518,10,LunarLanderContinuous-v3,SAC,7,standard
70000,213.8714578,96.49263820958645,254.431164,22.614815,287.161263,298.7,210.773320917011,332.11034345073256,10,LunarLanderContinuous-v3,SAC,7,standard
80000,218.8141651,107.52036220446188,255.0772995,-86.711994,295.355296,429.8,245.64965033400225,325.66706238427975,10,LunarLanderContinuous-v3,SAC,7,standard
90000,179.29555340000002,100.16656316828649,225.902225,-26.129056,267.001046,447.2,280.53995429200586,320.80991895479394,10,LunarLanderContinuous-v3,SAC,7,standard
100000,211.912409,21.63255773922585,207.78621550000005,181.346637,259.471802,432.5,315.45464754200657,317.00277925587955,10,LunarLanderContinuous-v3,SAC,7,standard
110000,254.5115828,23.21386952117541,260.293623,197.486929,281.82869,263.9,350.14119824999943,314.15897514996345,10,LunarLanderContinuous-v3,SAC,7,standard
120000,227.5093703,111.60965427899708,266.7225645,-102.922483,301.939761,342.9,384.8787555420131,311.7864997017246,10,LunarLanderContinuous-v3,SAC,7,standard
130000,236.02127450000003,59.01625279190797,258.828143,67.150888,274.183239,330.4,419.6566020419996,309.7770876650941,10,LunarLanderContinuous-v3,SAC,7,standard
140000,258.4375142,16.11195408376772,257.9746005,231.339947,283.472498,258.4,454.3844942919968,308.10910530330096,10,LunarLanderContinuous-v3,SAC,7,standard
150000,261.58809470000006,22.8022045294094,249.8432615,235.641353,301.405024,281.1,489.1390854170022,306.661243135215,10,LunarLanderContinuous-v3,SAC,7,standard
